FFFFFFFFFF......................FFFFFFFFFFFFFFFFFFFFFFFFFFFFFFFFFFFFFFFF [ 67%]
FFFFFFFFFFFFFFFFFFFFFFFFFFFFFFFFF..                                      [100%]
================================== FAILURES ===================================
_ TestConvertSchemas.test_the_minimum_is_the_revision_and_the_payment_method __

self = <backend.tests.test_delivery_note_convert.TestConvertSchemas object at 0x000001CF120C4410>

    def test_the_minimum_is_the_revision_and_the_payment_method(self):
>       payload = _convert_in()
                  ^^^^^^^^^^^^^

backend\tests\test_delivery_note_convert.py:99: 
_ _ _ _ _ _ _ _ _ _ _ _ _ _ _ _ _ _ _ _ _ _ _ _ _ _ _ _ _ _ _ _ _ _ _ _ _ _ _ _

over = {}

    def _convert_in(**over):
>       from backend.schemas.delivery_notes import DeliveryNoteConvertIn
E       ImportError: cannot import name 'DeliveryNoteConvertIn' from 'backend.schemas.delivery_notes' (C:\Users\Usuario\Desktop\EIE\wt-remitos\backend\schemas\delivery_notes.py)

backend\tests\test_delivery_note_convert.py:59: ImportError
__________ TestConvertSchemas.test_optional_destinations_are_carried __________

self = <backend.tests.test_delivery_note_convert.TestConvertSchemas object at 0x000001CF138EDBD0>

    def test_optional_destinations_are_carried(self):
>       payload = _convert_in(cash_session_id=CASH_ID, bank_account_id=BANK_ID, canal="mostrador")
                  ^^^^^^^^^^^^^^^^^^^^^^^^^^^^^^^^^^^^^^^^^^^^^^^^^^^^^^^^^^^^^^^^^^^^^^^^^^^^^^^^

backend\tests\test_delivery_note_convert.py:105: 
_ _ _ _ _ _ _ _ _ _ _ _ _ _ _ _ _ _ _ _ _ _ _ _ _ _ _ _ _ _ _ _ _ _ _ _ _ _ _ _

over = {'bank_account_id': '77777777-7777-7777-7777-777777777777', 'canal': 'mostrador', 'cash_session_id': '88888888-8888-8888-8888-888888888888'}

    def _convert_in(**over):
>       from backend.schemas.delivery_notes import DeliveryNoteConvertIn
E       ImportError: cannot import name 'DeliveryNoteConvertIn' from 'backend.schemas.delivery_notes' (C:\Users\Usuario\Desktop\EIE\wt-remitos\backend\schemas\delivery_notes.py)

backend\tests\test_delivery_note_convert.py:59: ImportError
_ TestConvertSchemas.test_revision_and_payment_method_are_required[expected_revision] _

self = <backend.tests.test_delivery_note_convert.TestConvertSchemas object at 0x000001CF138F4C30>
missing = 'expected_revision'

    @pytest.mark.parametrize("missing", ["expected_revision", "payment_method_id"])
    def test_revision_and_payment_method_are_required(self, missing):
>       from backend.schemas.delivery_notes import DeliveryNoteConvertIn
E       ImportError: cannot import name 'DeliveryNoteConvertIn' from 'backend.schemas.delivery_notes' (C:\Users\Usuario\Desktop\EIE\wt-remitos\backend\schemas\delivery_notes.py)

backend\tests\test_delivery_note_convert.py:112: ImportError
_ TestConvertSchemas.test_revision_and_payment_method_are_required[payment_method_id] _

self = <backend.tests.test_delivery_note_convert.TestConvertSchemas object at 0x000001CF138F4E90>
missing = 'payment_method_id'

    @pytest.mark.parametrize("missing", ["expected_revision", "payment_method_id"])
    def test_revision_and_payment_method_are_required(self, missing):
>       from backend.schemas.delivery_notes import DeliveryNoteConvertIn
E       ImportError: cannot import name 'DeliveryNoteConvertIn' from 'backend.schemas.delivery_notes' (C:\Users\Usuario\Desktop\EIE\wt-remitos\backend\schemas\delivery_notes.py)

backend\tests\test_delivery_note_convert.py:112: ImportError
_____________ TestConvertSchemas.test_revision_is_at_least_one[0] _____________

self = <backend.tests.test_delivery_note_convert.TestConvertSchemas object at 0x000001CF139544D0>
bad = 0

    @pytest.mark.parametrize("bad", [0, -1])
    def test_revision_is_at_least_one(self, bad):
        with pytest.raises(ValidationError):
>           _convert_in(expected_revision=bad)

backend\tests\test_delivery_note_convert.py:122: 
_ _ _ _ _ _ _ _ _ _ _ _ _ _ _ _ _ _ _ _ _ _ _ _ _ _ _ _ _ _ _ _ _ _ _ _ _ _ _ _

over = {'expected_revision': 0}

    def _convert_in(**over):
>       from backend.schemas.delivery_notes import DeliveryNoteConvertIn
E       ImportError: cannot import name 'DeliveryNoteConvertIn' from 'backend.schemas.delivery_notes' (C:\Users\Usuario\Desktop\EIE\wt-remitos\backend\schemas\delivery_notes.py)

backend\tests\test_delivery_note_convert.py:59: ImportError
____________ TestConvertSchemas.test_revision_is_at_least_one[-1] _____________

self = <backend.tests.test_delivery_note_convert.TestConvertSchemas object at 0x000001CF12883F00>
bad = -1

    @pytest.mark.parametrize("bad", [0, -1])
    def test_revision_is_at_least_one(self, bad):
        with pytest.raises(ValidationError):
>           _convert_in(expected_revision=bad)

backend\tests\test_delivery_note_convert.py:122: 
_ _ _ _ _ _ _ _ _ _ _ _ _ _ _ _ _ _ _ _ _ _ _ _ _ _ _ _ _ _ _ _ _ _ _ _ _ _ _ _

over = {'expected_revision': -1}

    def _convert_in(**over):
>       from backend.schemas.delivery_notes import DeliveryNoteConvertIn
E       ImportError: cannot import name 'DeliveryNoteConvertIn' from 'backend.schemas.delivery_notes' (C:\Users\Usuario\Desktop\EIE\wt-remitos\backend\schemas\delivery_notes.py)

backend\tests\test_delivery_note_convert.py:59: ImportError
_ TestConvertSchemas.test_the_branch_is_not_an_input_because_it_is_the_notes_own _

self = <backend.tests.test_delivery_note_convert.TestConvertSchemas object at 0x000001CF142BCD10>

    def test_the_branch_is_not_an_input_because_it_is_the_notes_own(self):
        """La venta se imputa a la sucursal del remito (de donde salió el
        stock): no hay `branch_id` en el contrato de la conversión (D7)."""
>       from backend.schemas.delivery_notes import DeliveryNoteConvertIn
E       ImportError: cannot import name 'DeliveryNoteConvertIn' from 'backend.schemas.delivery_notes' (C:\Users\Usuario\Desktop\EIE\wt-remitos\backend\schemas\delivery_notes.py)

backend\tests\test_delivery_note_convert.py:127: ImportError
_____ TestConvertSchemas.test_canal_has_the_same_cap_as_the_sale_contract _____

self = <backend.tests.test_delivery_note_convert.TestConvertSchemas object at 0x000001CF138F8C50>

    def test_canal_has_the_same_cap_as_the_sale_contract(self):
>       _convert_in(canal="x" * 40)

backend\tests\test_delivery_note_convert.py:133: 
_ _ _ _ _ _ _ _ _ _ _ _ _ _ _ _ _ _ _ _ _ _ _ _ _ _ _ _ _ _ _ _ _ _ _ _ _ _ _ _

over = {'canal': 'xxxxxxxxxxxxxxxxxxxxxxxxxxxxxxxxxxxxxxxx'}

    def _convert_in(**over):
>       from backend.schemas.delivery_notes import DeliveryNoteConvertIn
E       ImportError: cannot import name 'DeliveryNoteConvertIn' from 'backend.schemas.delivery_notes' (C:\Users\Usuario\Desktop\EIE\wt-remitos\backend\schemas\delivery_notes.py)

backend\tests\test_delivery_note_convert.py:59: ImportError
_ TestConvertSchemas.test_out_carries_the_note_the_order_the_operation_and_the_replay_flag _

self = <backend.tests.test_delivery_note_convert.TestConvertSchemas object at 0x000001CF138F9850>

    def test_out_carries_the_note_the_order_the_operation_and_the_replay_flag(self):
>       from backend.schemas.delivery_notes import DeliveryNoteConvertOut
E       ImportError: cannot import name 'DeliveryNoteConvertOut' from 'backend.schemas.delivery_notes' (C:\Users\Usuario\Desktop\EIE\wt-remitos\backend\schemas\delivery_notes.py)

backend\tests\test_delivery_note_convert.py:138: ImportError
___________ TestConvertSchemas.test_out_replayed_defaults_to_false ____________

self = <backend.tests.test_delivery_note_convert.TestConvertSchemas object at 0x000001CF13901E50>

    def test_out_replayed_defaults_to_false(self):
>       from backend.schemas.delivery_notes import DeliveryNoteConvertOut
E       ImportError: cannot import name 'DeliveryNoteConvertOut' from 'backend.schemas.delivery_notes' (C:\Users\Usuario\Desktop\EIE\wt-remitos\backend\schemas\delivery_notes.py)

backend\tests\test_delivery_note_convert.py:147: ImportError
_ TestConvertService.test_denied_roles_get_403_without_calling_the_rpc[stock] _

self = <backend.tests.test_delivery_note_convert.TestConvertService object at 0x000001CF138EE490>
role = 'stock'

    @pytest.mark.asyncio
    @pytest.mark.parametrize("role", CONVERT_ROLES["denied"])
    async def test_denied_roles_get_403_without_calling_the_rpc(self, role):
        from backend.services import delivery_notes as svc
    
        repo = _convert_repo()
        with pytest.raises(HTTPException) as info:
>           await svc.convert_delivery_note(
                  ^^^^^^^^^^^^^^^^^^^^^^^^^
                repo, _auth(role), ACCOUNT_ID, DN_ID, _convert_in(), IDEM_KEY, conn=_conn(role))
E           AttributeError: module 'backend.services.delivery_notes' has no attribute 'convert_delivery_note'. Did you mean: 'cancel_delivery_note'?

backend\tests\test_delivery_note_convert.py:268: AttributeError
_ TestConvertService.test_denied_roles_get_403_without_calling_the_rpc[purchases] _

self = <backend.tests.test_delivery_note_convert.TestConvertService object at 0x000001CF138EE350>
role = 'purchases'

    @pytest.mark.asyncio
    @pytest.mark.parametrize("role", CONVERT_ROLES["denied"])
    async def test_denied_roles_get_403_without_calling_the_rpc(self, role):
        from backend.services import delivery_notes as svc
    
        repo = _convert_repo()
        with pytest.raises(HTTPException) as info:
>           await svc.convert_delivery_note(
                  ^^^^^^^^^^^^^^^^^^^^^^^^^
                repo, _auth(role), ACCOUNT_ID, DN_ID, _convert_in(), IDEM_KEY, conn=_conn(role))
E           AttributeError: module 'backend.services.delivery_notes' has no attribute 'convert_delivery_note'. Did you mean: 'cancel_delivery_note'?

backend\tests\test_delivery_note_convert.py:268: AttributeError
_ TestConvertService.test_denied_roles_get_403_without_calling_the_rpc[accountant] _

self = <backend.tests.test_delivery_note_convert.TestConvertService object at 0x000001CF138F5810>
role = 'accountant'

    @pytest.mark.asyncio
    @pytest.mark.parametrize("role", CONVERT_ROLES["denied"])
    async def test_denied_roles_get_403_without_calling_the_rpc(self, role):
        from backend.services import delivery_notes as svc
    
        repo = _convert_repo()
        with pytest.raises(HTTPException) as info:
>           await svc.convert_delivery_note(
                  ^^^^^^^^^^^^^^^^^^^^^^^^^
                repo, _auth(role), ACCOUNT_ID, DN_ID, _convert_in(), IDEM_KEY, conn=_conn(role))
E           AttributeError: module 'backend.services.delivery_notes' has no attribute 'convert_delivery_note'. Did you mean: 'cancel_delivery_note'?

backend\tests\test_delivery_note_convert.py:268: AttributeError
_ TestConvertService.test_denied_roles_get_403_without_calling_the_rpc[viewer] _

self = <backend.tests.test_delivery_note_convert.TestConvertService object at 0x000001CF138F5940>
role = 'viewer'

    @pytest.mark.asyncio
    @pytest.mark.parametrize("role", CONVERT_ROLES["denied"])
    async def test_denied_roles_get_403_without_calling_the_rpc(self, role):
        from backend.services import delivery_notes as svc
    
        repo = _convert_repo()
        with pytest.raises(HTTPException) as info:
>           await svc.convert_delivery_note(
                  ^^^^^^^^^^^^^^^^^^^^^^^^^
                repo, _auth(role), ACCOUNT_ID, DN_ID, _convert_in(), IDEM_KEY, conn=_conn(role))
E           AttributeError: module 'backend.services.delivery_notes' has no attribute 'convert_delivery_note'. Did you mean: 'cancel_delivery_note'?

backend\tests\test_delivery_note_convert.py:268: AttributeError
________ TestConvertService.test_allowed_roles_reach_the_rpc[cashier] _________

self = <backend.tests.test_delivery_note_convert.TestConvertService object at 0x000001CF13956D50>
role = 'cashier'

    @pytest.mark.asyncio
    @pytest.mark.parametrize("role", CONVERT_ROLES["allowed"])
    async def test_allowed_roles_reach_the_rpc(self, role):
        from backend.services import delivery_notes as svc
    
        repo = _convert_repo()
>       await svc.convert_delivery_note(
              ^^^^^^^^^^^^^^^^^^^^^^^^^
            repo, _auth(role), ACCOUNT_ID, DN_ID, _convert_in(), IDEM_KEY, conn=_conn(role))
E       AttributeError: module 'backend.services.delivery_notes' has no attribute 'convert_delivery_note'. Did you mean: 'cancel_delivery_note'?

backend\tests\test_delivery_note_convert.py:281: AttributeError
_________ TestConvertService.test_allowed_roles_reach_the_rpc[seller] _________

self = <backend.tests.test_delivery_note_convert.TestConvertService object at 0x000001CF142BD590>
role = 'seller'

    @pytest.mark.asyncio
    @pytest.mark.parametrize("role", CONVERT_ROLES["allowed"])
    async def test_allowed_roles_reach_the_rpc(self, role):
        from backend.services import delivery_notes as svc
    
        repo = _convert_repo()
>       await svc.convert_delivery_note(
              ^^^^^^^^^^^^^^^^^^^^^^^^^
            repo, _auth(role), ACCOUNT_ID, DN_ID, _convert_in(), IDEM_KEY, conn=_conn(role))
E       AttributeError: module 'backend.services.delivery_notes' has no attribute 'convert_delivery_note'. Did you mean: 'cancel_delivery_note'?

backend\tests\test_delivery_note_convert.py:281: AttributeError
_________ TestConvertService.test_allowed_roles_reach_the_rpc[admin] __________

self = <backend.tests.test_delivery_note_convert.TestConvertService object at 0x000001CF142BD6A0>
role = 'admin'

    @pytest.mark.asyncio
    @pytest.mark.parametrize("role", CONVERT_ROLES["allowed"])
    async def test_allowed_roles_reach_the_rpc(self, role):
        from backend.services import delivery_notes as svc
    
        repo = _convert_repo()
>       await svc.convert_delivery_note(
              ^^^^^^^^^^^^^^^^^^^^^^^^^
            repo, _auth(role), ACCOUNT_ID, DN_ID, _convert_in(), IDEM_KEY, conn=_conn(role))
E       AttributeError: module 'backend.services.delivery_notes' has no attribute 'convert_delivery_note'. Did you mean: 'cancel_delivery_note'?

backend\tests\test_delivery_note_convert.py:281: AttributeError
_________ TestConvertService.test_allowed_roles_reach_the_rpc[owner] __________

self = <backend.tests.test_delivery_note_convert.TestConvertService object at 0x000001CF138F9C50>
role = 'owner'

    @pytest.mark.asyncio
    @pytest.mark.parametrize("role", CONVERT_ROLES["allowed"])
    async def test_allowed_roles_reach_the_rpc(self, role):
        from backend.services import delivery_notes as svc
    
        repo = _convert_repo()
>       await svc.convert_delivery_note(
              ^^^^^^^^^^^^^^^^^^^^^^^^^
            repo, _auth(role), ACCOUNT_ID, DN_ID, _convert_in(), IDEM_KEY, conn=_conn(role))
E       AttributeError: module 'backend.services.delivery_notes' has no attribute 'convert_delivery_note'. Did you mean: 'cancel_delivery_note'?

backend\tests\test_delivery_note_convert.py:281: AttributeError
______ TestConvertService.test_roles_are_a_set_union_not_the_first_role _______

self = <backend.tests.test_delivery_note_convert.TestConvertService object at 0x000001CF138F9D50>

    @pytest.mark.asyncio
    async def test_roles_are_a_set_union_not_the_first_role(self):
        """Un usuario con rol de depósito Y de vendedor convierte: se evalúa el
        conjunto, no el primero."""
        from backend.services import delivery_notes as svc
    
        repo = _convert_repo()
>       await svc.convert_delivery_note(
              ^^^^^^^^^^^^^^^^^^^^^^^^^
            repo, _auth("stock", "seller"), ACCOUNT_ID, DN_ID, _convert_in(), IDEM_KEY, conn=_conn("stock", "seller"))
E       AttributeError: module 'backend.services.delivery_notes' has no attribute 'convert_delivery_note'. Did you mean: 'cancel_delivery_note'?

backend\tests\test_delivery_note_convert.py:293: AttributeError
_ TestConvertService.test_the_rpc_receives_exactly_what_the_user_chose_and_nothing_else _

self = <backend.tests.test_delivery_note_convert.TestConvertService object at 0x000001CF13901C70>

    @pytest.mark.asyncio
    async def test_the_rpc_receives_exactly_what_the_user_chose_and_nothing_else(self):
        from backend.services import delivery_notes as svc
    
        repo = _convert_repo()
>       await svc.convert_delivery_note(
              ^^^^^^^^^^^^^^^^^^^^^^^^^
            repo, _auth("cashier"), ACCOUNT_ID, DN_ID,
            _convert_in(expected_revision=5, cash_session_id=CASH_ID, bank_account_id=BANK_ID, canal="web"),
            IDEM_KEY, conn=_conn("cashier"))
E       AttributeError: module 'backend.services.delivery_notes' has no attribute 'convert_delivery_note'. Did you mean: 'cancel_delivery_note'?

backend\tests\test_delivery_note_convert.py:302: AttributeError
_______ TestConvertService.test_optional_ids_travel_as_null_when_absent _______

self = <backend.tests.test_delivery_note_convert.TestConvertService object at 0x000001CF13900AA0>

    @pytest.mark.asyncio
    async def test_optional_ids_travel_as_null_when_absent(self):
        from backend.services import delivery_notes as svc
    
        repo = _convert_repo()
>       await svc.convert_delivery_note(
              ^^^^^^^^^^^^^^^^^^^^^^^^^
            repo, _auth("cashier"), ACCOUNT_ID, DN_ID, _convert_in(), IDEM_KEY, conn=_conn("cashier"))
E       AttributeError: module 'backend.services.delivery_notes' has no attribute 'convert_delivery_note'. Did you mean: 'cancel_delivery_note'?

backend\tests\test_delivery_note_convert.py:322: AttributeError
___ TestConvertService.test_the_result_adds_the_visible_number_of_the_note ____

self = <backend.tests.test_delivery_note_convert.TestConvertService object at 0x000001CF14180210>

    @pytest.mark.asyncio
    async def test_the_result_adds_the_visible_number_of_the_note(self):
        from backend.services import delivery_notes as svc
    
        repo = _convert_repo()
>       out = await svc.convert_delivery_note(
                    ^^^^^^^^^^^^^^^^^^^^^^^^^
            repo, _auth("cashier"), ACCOUNT_ID, DN_ID, _convert_in(), IDEM_KEY, conn=_conn("cashier"))
E       AttributeError: module 'backend.services.delivery_notes' has no attribute 'convert_delivery_note'. Did you mean: 'cancel_delivery_note'?

backend\tests\test_delivery_note_convert.py:333: AttributeError
_______________ TestConvertService.test_a_replay_keeps_its_flag _______________

self = <backend.tests.test_delivery_note_convert.TestConvertService object at 0x000001CF14182A50>

    @pytest.mark.asyncio
    async def test_a_replay_keeps_its_flag(self):
        from backend.services import delivery_notes as svc
    
        repo = _convert_repo(convert_to_sale=_rpc_result(replayed=True))
>       out = await svc.convert_delivery_note(
                    ^^^^^^^^^^^^^^^^^^^^^^^^^
            repo, _auth("cashier"), ACCOUNT_ID, DN_ID, _convert_in(), IDEM_KEY, conn=_conn("cashier"))
E       AttributeError: module 'backend.services.delivery_notes' has no attribute 'convert_delivery_note'. Did you mean: 'cancel_delivery_note'?

backend\tests\test_delivery_note_convert.py:345: AttributeError
_ TestConvertService.test_without_a_resolved_key_it_is_a_wiring_bug_not_a_user_error _

self = <backend.tests.test_delivery_note_convert.TestConvertService object at 0x000001CF1425A4E0>

    @pytest.mark.asyncio
    async def test_without_a_resolved_key_it_is_a_wiring_bug_not_a_user_error(self):
        from backend.services import delivery_notes as svc
    
        repo = _convert_repo()
        with pytest.raises(ValueError):
>           await svc.convert_delivery_note(
                  ^^^^^^^^^^^^^^^^^^^^^^^^^
                repo, _auth("cashier"), ACCOUNT_ID, DN_ID, _convert_in(), "", conn=_conn("cashier"))
E           AttributeError: module 'backend.services.delivery_notes' has no attribute 'convert_delivery_note'. Did you mean: 'cancel_delivery_note'?

backend\tests\test_delivery_note_convert.py:355: AttributeError
_ TestConvertService.test_every_business_error_surfaces_as_a_stable_problem[P0409-delivery_note_changed: el remito cambi\xf3 desde que lo abriste (versi\xf3n 1 vs 2) \u2014 recargalo-409-delivery_note_changed] _

self = <backend.tests.test_delivery_note_convert.TestConvertService object at 0x000001CF1285B710>
sqlstate = 'P0409'
message = 'delivery_note_changed: el remito cambió desde que lo abriste (versión 1 vs 2) — recargalo'
status = 409, code = 'delivery_note_changed'

    @pytest.mark.asyncio
    @pytest.mark.parametrize("sqlstate,message,status,code", CONVERT_LITERALS)
    async def test_every_business_error_surfaces_as_a_stable_problem(self, sqlstate, message, status, code):
        from backend.core.errors import ProblemHTTPException
        from backend.services import delivery_notes as svc
    
        repo = _convert_repo()
        repo.convert_to_sale.side_effect = _pg_error(sqlstate, message)
        with pytest.raises(ProblemHTTPException) as info:
>           await svc.convert_delivery_note(
                  ^^^^^^^^^^^^^^^^^^^^^^^^^
                repo, _auth("cashier"), ACCOUNT_ID, DN_ID, _convert_in(), IDEM_KEY, conn=_conn("cashier"))
E           AttributeError: module 'backend.services.delivery_notes' has no attribute 'convert_delivery_note'. Did you mean: 'cancel_delivery_note'?

backend\tests\test_delivery_note_convert.py:368: AttributeError
_ TestConvertService.test_every_business_error_surfaces_as_a_stable_problem[P0409-delivery_note_invalid_state: el remito est\xe1 converted y no se puede convertir-409-delivery_note_invalid_state] _

self = <backend.tests.test_delivery_note_convert.TestConvertService object at 0x000001CF14299C10>
sqlstate = 'P0409'
message = 'delivery_note_invalid_state: el remito está converted y no se puede convertir'
status = 409, code = 'delivery_note_invalid_state'

    @pytest.mark.asyncio
    @pytest.mark.parametrize("sqlstate,message,status,code", CONVERT_LITERALS)
    async def test_every_business_error_surfaces_as_a_stable_problem(self, sqlstate, message, status, code):
        from backend.core.errors import ProblemHTTPException
        from backend.services import delivery_notes as svc
    
        repo = _convert_repo()
        repo.convert_to_sale.side_effect = _pg_error(sqlstate, message)
        with pytest.raises(ProblemHTTPException) as info:
>           await svc.convert_delivery_note(
                  ^^^^^^^^^^^^^^^^^^^^^^^^^
                repo, _auth("cashier"), ACCOUNT_ID, DN_ID, _convert_in(), IDEM_KEY, conn=_conn("cashier"))
E           AttributeError: module 'backend.services.delivery_notes' has no attribute 'convert_delivery_note'. Did you mean: 'cancel_delivery_note'?

backend\tests\test_delivery_note_convert.py:368: AttributeError
_ TestConvertService.test_every_business_error_surfaces_as_a_stable_problem[P0409-idempotency_key_conflict: la clave ya se us\xf3 para otra operaci\xf3n-409-idempotency_key_conflict] _

self = <backend.tests.test_delivery_note_convert.TestConvertService object at 0x000001CF142AF750>
sqlstate = 'P0409'
message = 'idempotency_key_conflict: la clave ya se usó para otra operación'
status = 409, code = 'idempotency_key_conflict'

    @pytest.mark.asyncio
    @pytest.mark.parametrize("sqlstate,message,status,code", CONVERT_LITERALS)
    async def test_every_business_error_surfaces_as_a_stable_problem(self, sqlstate, message, status, code):
        from backend.core.errors import ProblemHTTPException
        from backend.services import delivery_notes as svc
    
        repo = _convert_repo()
        repo.convert_to_sale.side_effect = _pg_error(sqlstate, message)
        with pytest.raises(ProblemHTTPException) as info:
>           await svc.convert_delivery_note(
                  ^^^^^^^^^^^^^^^^^^^^^^^^^
                repo, _auth("cashier"), ACCOUNT_ID, DN_ID, _convert_in(), IDEM_KEY, conn=_conn("cashier"))
E           AttributeError: module 'backend.services.delivery_notes' has no attribute 'convert_delivery_note'. Did you mean: 'cancel_delivery_note'?

backend\tests\test_delivery_note_convert.py:368: AttributeError
_ TestConvertService.test_every_business_error_surfaces_as_a_stable_problem[P0404-delivery_note_not_found: dddd-404-delivery_note_not_found] _

self = <backend.tests.test_delivery_note_convert.TestConvertService object at 0x000001CF142AF800>
sqlstate = 'P0404', message = 'delivery_note_not_found: dddd', status = 404
code = 'delivery_note_not_found'

    @pytest.mark.asyncio
    @pytest.mark.parametrize("sqlstate,message,status,code", CONVERT_LITERALS)
    async def test_every_business_error_surfaces_as_a_stable_problem(self, sqlstate, message, status, code):
        from backend.core.errors import ProblemHTTPException
        from backend.services import delivery_notes as svc
    
        repo = _convert_repo()
        repo.convert_to_sale.side_effect = _pg_error(sqlstate, message)
        with pytest.raises(ProblemHTTPException) as info:
>           await svc.convert_delivery_note(
                  ^^^^^^^^^^^^^^^^^^^^^^^^^
                repo, _auth("cashier"), ACCOUNT_ID, DN_ID, _convert_in(), IDEM_KEY, conn=_conn("cashier"))
E           AttributeError: module 'backend.services.delivery_notes' has no attribute 'convert_delivery_note'. Did you mean: 'cancel_delivery_note'?

backend\tests\test_delivery_note_convert.py:368: AttributeError
_ TestConvertService.test_every_business_error_surfaces_as_a_stable_problem[P0404-delivery_note_client_unavailable: el cliente del remito fue dado de baja: edit\xe1 el remito-404-delivery_note_client_unavailable] _

self = <backend.tests.test_delivery_note_convert.TestConvertService object at 0x000001CF13969EF0>
sqlstate = 'P0404'
message = 'delivery_note_client_unavailable: el cliente del remito fue dado de baja: editá el remito'
status = 404, code = 'delivery_note_client_unavailable'

    @pytest.mark.asyncio
    @pytest.mark.parametrize("sqlstate,message,status,code", CONVERT_LITERALS)
    async def test_every_business_error_surfaces_as_a_stable_problem(self, sqlstate, message, status, code):
        from backend.core.errors import ProblemHTTPException
        from backend.services import delivery_notes as svc
    
        repo = _convert_repo()
        repo.convert_to_sale.side_effect = _pg_error(sqlstate, message)
        with pytest.raises(ProblemHTTPException) as info:
>           await svc.convert_delivery_note(
                  ^^^^^^^^^^^^^^^^^^^^^^^^^
                repo, _auth("cashier"), ACCOUNT_ID, DN_ID, _convert_in(), IDEM_KEY, conn=_conn("cashier"))
E           AttributeError: module 'backend.services.delivery_notes' has no attribute 'convert_delivery_note'. Did you mean: 'cancel_delivery_note'?

backend\tests\test_delivery_note_convert.py:368: AttributeError
_ TestConvertService.test_every_business_error_surfaces_as_a_stable_problem[P0422-branch_closed: la sucursal del remito est\xe1 desactivada o cerrada \u2014 reactivala para convertir el remito-422-branch_closed] _

self = <backend.tests.test_delivery_note_convert.TestConvertService object at 0x000001CF13969C70>
sqlstate = 'P0422'
message = 'branch_closed: la sucursal del remito está desactivada o cerrada — reactivala para convertir el remito'
status = 422, code = 'branch_closed'

    @pytest.mark.asyncio
    @pytest.mark.parametrize("sqlstate,message,status,code", CONVERT_LITERALS)
    async def test_every_business_error_surfaces_as_a_stable_problem(self, sqlstate, message, status, code):
        from backend.core.errors import ProblemHTTPException
        from backend.services import delivery_notes as svc
    
        repo = _convert_repo()
        repo.convert_to_sale.side_effect = _pg_error(sqlstate, message)
        with pytest.raises(ProblemHTTPException) as info:
>           await svc.convert_delivery_note(
                  ^^^^^^^^^^^^^^^^^^^^^^^^^
                repo, _auth("cashier"), ACCOUNT_ID, DN_ID, _convert_in(), IDEM_KEY, conn=_conn("cashier"))
E           AttributeError: module 'backend.services.delivery_notes' has no attribute 'convert_delivery_note'. Did you mean: 'cancel_delivery_note'?

backend\tests\test_delivery_note_convert.py:368: AttributeError
_ TestConvertService.test_every_business_error_surfaces_as_a_stable_problem[P0422-delivery_note_branch_inactive: la sucursal del remito R-00000012 est\xe1 desactivada o cerrada-422-delivery_note_branch_inactive] _

self = <backend.tests.test_delivery_note_convert.TestConvertService object at 0x000001CF1427DC70>
sqlstate = 'P0422'
message = 'delivery_note_branch_inactive: la sucursal del remito R-00000012 está desactivada o cerrada'
status = 422, code = 'delivery_note_branch_inactive'

    @pytest.mark.asyncio
    @pytest.mark.parametrize("sqlstate,message,status,code", CONVERT_LITERALS)
    async def test_every_business_error_surfaces_as_a_stable_problem(self, sqlstate, message, status, code):
        from backend.core.errors import ProblemHTTPException
        from backend.services import delivery_notes as svc
    
        repo = _convert_repo()
        repo.convert_to_sale.side_effect = _pg_error(sqlstate, message)
        with pytest.raises(ProblemHTTPException) as info:
>           await svc.convert_delivery_note(
                  ^^^^^^^^^^^^^^^^^^^^^^^^^
                repo, _auth("cashier"), ACCOUNT_ID, DN_ID, _convert_in(), IDEM_KEY, conn=_conn("cashier"))
E           AttributeError: module 'backend.services.delivery_notes' has no attribute 'convert_delivery_note'. Did you mean: 'cancel_delivery_note'?

backend\tests\test_delivery_note_convert.py:368: AttributeError
_ TestConvertService.test_every_business_error_surfaces_as_a_stable_problem[P0400-delivery_note_revision_required: falta la versi\xf3n del remito que se convierte-400-delivery_note_revision_required] _

self = <backend.tests.test_delivery_note_convert.TestConvertService object at 0x000001CF140A11D0>
sqlstate = 'P0400'
message = 'delivery_note_revision_required: falta la versión del remito que se convierte'
status = 400, code = 'delivery_note_revision_required'

    @pytest.mark.asyncio
    @pytest.mark.parametrize("sqlstate,message,status,code", CONVERT_LITERALS)
    async def test_every_business_error_surfaces_as_a_stable_problem(self, sqlstate, message, status, code):
        from backend.core.errors import ProblemHTTPException
        from backend.services import delivery_notes as svc
    
        repo = _convert_repo()
        repo.convert_to_sale.side_effect = _pg_error(sqlstate, message)
        with pytest.raises(ProblemHTTPException) as info:
>           await svc.convert_delivery_note(
                  ^^^^^^^^^^^^^^^^^^^^^^^^^
                repo, _auth("cashier"), ACCOUNT_ID, DN_ID, _convert_in(), IDEM_KEY, conn=_conn("cashier"))
E           AttributeError: module 'backend.services.delivery_notes' has no attribute 'convert_delivery_note'. Did you mean: 'cancel_delivery_note'?

backend\tests\test_delivery_note_convert.py:368: AttributeError
_ TestConvertService.test_every_business_error_surfaces_as_a_stable_problem[P0400-payment_method_required: la conversi\xf3n exige una forma de pago del cat\xe1logo-400-payment_method_required] _

self = <backend.tests.test_delivery_note_convert.TestConvertService object at 0x000001CF140A09D0>
sqlstate = 'P0400'
message = 'payment_method_required: la conversión exige una forma de pago del catálogo'
status = 400, code = 'payment_method_required'

    @pytest.mark.asyncio
    @pytest.mark.parametrize("sqlstate,message,status,code", CONVERT_LITERALS)
    async def test_every_business_error_surfaces_as_a_stable_problem(self, sqlstate, message, status, code):
        from backend.core.errors import ProblemHTTPException
        from backend.services import delivery_notes as svc
    
        repo = _convert_repo()
        repo.convert_to_sale.side_effect = _pg_error(sqlstate, message)
        with pytest.raises(ProblemHTTPException) as info:
>           await svc.convert_delivery_note(
                  ^^^^^^^^^^^^^^^^^^^^^^^^^
                repo, _auth("cashier"), ACCOUNT_ID, DN_ID, _convert_in(), IDEM_KEY, conn=_conn("cashier"))
E           AttributeError: module 'backend.services.delivery_notes' has no attribute 'convert_delivery_note'. Did you mean: 'cancel_delivery_note'?

backend\tests\test_delivery_note_convert.py:368: AttributeError
_ TestConvertService.test_every_business_error_surfaces_as_a_stable_problem[P0400-idempotency_key is required-400-idempotency_key] _

self = <backend.tests.test_delivery_note_convert.TestConvertService object at 0x000001CF1418BC40>
sqlstate = 'P0400', message = 'idempotency_key is required', status = 400
code = 'idempotency_key'

    @pytest.mark.asyncio
    @pytest.mark.parametrize("sqlstate,message,status,code", CONVERT_LITERALS)
    async def test_every_business_error_surfaces_as_a_stable_problem(self, sqlstate, message, status, code):
        from backend.core.errors import ProblemHTTPException
        from backend.services import delivery_notes as svc
    
        repo = _convert_repo()
        repo.convert_to_sale.side_effect = _pg_error(sqlstate, message)
        with pytest.raises(ProblemHTTPException) as info:
>           await svc.convert_delivery_note(
                  ^^^^^^^^^^^^^^^^^^^^^^^^^
                repo, _auth("cashier"), ACCOUNT_ID, DN_ID, _convert_in(), IDEM_KEY, conn=_conn("cashier"))
E           AttributeError: module 'backend.services.delivery_notes' has no attribute 'convert_delivery_note'. Did you mean: 'cancel_delivery_note'?

backend\tests\test_delivery_note_convert.py:368: AttributeError
_ TestConvertService.test_every_business_error_surfaces_as_a_stable_problem[P0403-insufficient_role: tu rol no permite convertir remitos-403-insufficient_role] _

self = <backend.tests.test_delivery_note_convert.TestConvertService object at 0x000001CF1418BD90>
sqlstate = 'P0403'
message = 'insufficient_role: tu rol no permite convertir remitos', status = 403
code = 'insufficient_role'

    @pytest.mark.asyncio
    @pytest.mark.parametrize("sqlstate,message,status,code", CONVERT_LITERALS)
    async def test_every_business_error_surfaces_as_a_stable_problem(self, sqlstate, message, status, code):
        from backend.core.errors import ProblemHTTPException
        from backend.services import delivery_notes as svc
    
        repo = _convert_repo()
        repo.convert_to_sale.side_effect = _pg_error(sqlstate, message)
        with pytest.raises(ProblemHTTPException) as info:
>           await svc.convert_delivery_note(
                  ^^^^^^^^^^^^^^^^^^^^^^^^^
                repo, _auth("cashier"), ACCOUNT_ID, DN_ID, _convert_in(), IDEM_KEY, conn=_conn("cashier"))
E           AttributeError: module 'backend.services.delivery_notes' has no attribute 'convert_delivery_note'. Did you mean: 'cancel_delivery_note'?

backend\tests\test_delivery_note_convert.py:368: AttributeError
_ TestConvertService.test_every_business_error_surfaces_as_a_stable_problem[P0401-unauthorized-403-unauthorized] _

self = <backend.tests.test_delivery_note_convert.TestConvertService object at 0x000001CF139429F0>
sqlstate = 'P0401', message = 'unauthorized', status = 403
code = 'unauthorized'

    @pytest.mark.asyncio
    @pytest.mark.parametrize("sqlstate,message,status,code", CONVERT_LITERALS)
    async def test_every_business_error_surfaces_as_a_stable_problem(self, sqlstate, message, status, code):
        from backend.core.errors import ProblemHTTPException
        from backend.services import delivery_notes as svc
    
        repo = _convert_repo()
        repo.convert_to_sale.side_effect = _pg_error(sqlstate, message)
        with pytest.raises(ProblemHTTPException) as info:
>           await svc.convert_delivery_note(
                  ^^^^^^^^^^^^^^^^^^^^^^^^^
                repo, _auth("cashier"), ACCOUNT_ID, DN_ID, _convert_in(), IDEM_KEY, conn=_conn("cashier"))
E           AttributeError: module 'backend.services.delivery_notes' has no attribute 'convert_delivery_note'. Did you mean: 'cancel_delivery_note'?

backend\tests\test_delivery_note_convert.py:368: AttributeError
_ TestConvertService.test_every_business_error_surfaces_as_a_stable_problem[P0409-delivery_note_order_mismatch: la orden no corresponde a un remito de venta pendiente-409-delivery_note_order_mismatch] _

self = <backend.tests.test_delivery_note_convert.TestConvertService object at 0x000001CF13942930>
sqlstate = 'P0409'
message = 'delivery_note_order_mismatch: la orden no corresponde a un remito de venta pendiente'
status = 409, code = 'delivery_note_order_mismatch'

    @pytest.mark.asyncio
    @pytest.mark.parametrize("sqlstate,message,status,code", CONVERT_LITERALS)
    async def test_every_business_error_surfaces_as_a_stable_problem(self, sqlstate, message, status, code):
        from backend.core.errors import ProblemHTTPException
        from backend.services import delivery_notes as svc
    
        repo = _convert_repo()
        repo.convert_to_sale.side_effect = _pg_error(sqlstate, message)
        with pytest.raises(ProblemHTTPException) as info:
>           await svc.convert_delivery_note(
                  ^^^^^^^^^^^^^^^^^^^^^^^^^
                repo, _auth("cashier"), ACCOUNT_ID, DN_ID, _convert_in(), IDEM_KEY, conn=_conn("cashier"))
E           AttributeError: module 'backend.services.delivery_notes' has no attribute 'convert_delivery_note'. Did you mean: 'cancel_delivery_note'?

backend\tests\test_delivery_note_convert.py:368: AttributeError
_ TestConvertService.test_every_business_error_surfaces_as_a_stable_problem[P0404-payment_method_not_found: x no pertenece a la cuenta o no existe-404-payment_method_not_found] _

self = <backend.tests.test_delivery_note_convert.TestConvertService object at 0x000001CF13966260>
sqlstate = 'P0404'
message = 'payment_method_not_found: x no pertenece a la cuenta o no existe'
status = 404, code = 'payment_method_not_found'

    @pytest.mark.asyncio
    @pytest.mark.parametrize("sqlstate,message,status,code", CONVERT_LITERALS)
    async def test_every_business_error_surfaces_as_a_stable_problem(self, sqlstate, message, status, code):
        from backend.core.errors import ProblemHTTPException
        from backend.services import delivery_notes as svc
    
        repo = _convert_repo()
        repo.convert_to_sale.side_effect = _pg_error(sqlstate, message)
        with pytest.raises(ProblemHTTPException) as info:
>           await svc.convert_delivery_note(
                  ^^^^^^^^^^^^^^^^^^^^^^^^^
                repo, _auth("cashier"), ACCOUNT_ID, DN_ID, _convert_in(), IDEM_KEY, conn=_conn("cashier"))
E           AttributeError: module 'backend.services.delivery_notes' has no attribute 'convert_delivery_note'. Did you mean: 'cancel_delivery_note'?

backend\tests\test_delivery_note_convert.py:368: AttributeError
_ TestConvertService.test_every_business_error_surfaces_as_a_stable_problem[P0404-client_not_found: cccc-404-client_not_found] _

self = <backend.tests.test_delivery_note_convert.TestConvertService object at 0x000001CF13965D10>
sqlstate = 'P0404', message = 'client_not_found: cccc', status = 404
code = 'client_not_found'

    @pytest.mark.asyncio
    @pytest.mark.parametrize("sqlstate,message,status,code", CONVERT_LITERALS)
    async def test_every_business_error_surfaces_as_a_stable_problem(self, sqlstate, message, status, code):
        from backend.core.errors import ProblemHTTPException
        from backend.services import delivery_notes as svc
    
        repo = _convert_repo()
        repo.convert_to_sale.side_effect = _pg_error(sqlstate, message)
        with pytest.raises(ProblemHTTPException) as info:
>           await svc.convert_delivery_note(
                  ^^^^^^^^^^^^^^^^^^^^^^^^^
                repo, _auth("cashier"), ACCOUNT_ID, DN_ID, _convert_in(), IDEM_KEY, conn=_conn("cashier"))
E           AttributeError: module 'backend.services.delivery_notes' has no attribute 'convert_delivery_note'. Did you mean: 'cancel_delivery_note'?

backend\tests\test_delivery_note_convert.py:368: AttributeError
_____ TestConvertService.test_a_deadlock_is_a_409_concurrent_update_retry _____

self = <backend.tests.test_delivery_note_convert.TestConvertService object at 0x000001CF13965E00>

    @pytest.mark.asyncio
    async def test_a_deadlock_is_a_409_concurrent_update_retry(self):
        from backend.core.errors import ProblemHTTPException
        from backend.services import delivery_notes as svc
    
        repo = _convert_repo()
        repo.convert_to_sale.side_effect = asyncpg.DeadlockDetectedError("deadlock detected")
        with pytest.raises(ProblemHTTPException) as info:
>           await svc.convert_delivery_note(
                  ^^^^^^^^^^^^^^^^^^^^^^^^^
                repo, _auth("cashier"), ACCOUNT_ID, DN_ID, _convert_in(), IDEM_KEY, conn=_conn("cashier"))
E           AttributeError: module 'backend.services.delivery_notes' has no attribute 'convert_delivery_note'. Did you mean: 'cancel_delivery_note'?

backend\tests\test_delivery_note_convert.py:381: AttributeError
_ TestConvertService.test_an_unmapped_sqlstate_still_propagates_for_the_global_500 _

self = <backend.tests.test_delivery_note_convert.TestConvertService object at 0x000001CF13965E50>

    @pytest.mark.asyncio
    async def test_an_unmapped_sqlstate_still_propagates_for_the_global_500(self):
        from backend.services import delivery_notes as svc
    
        repo = _convert_repo()
        repo.convert_to_sale.side_effect = _pg_error("XX000", "boom")
        with pytest.raises(asyncpg.PostgresError):
>           await svc.convert_delivery_note(
                  ^^^^^^^^^^^^^^^^^^^^^^^^^
                repo, _auth("cashier"), ACCOUNT_ID, DN_ID, _convert_in(), IDEM_KEY, conn=_conn("cashier"))
E           AttributeError: module 'backend.services.delivery_notes' has no attribute 'convert_delivery_note'. Did you mean: 'cancel_delivery_note'?

backend\tests\test_delivery_note_convert.py:393: AttributeError
_ TestConvertRepository.test_it_calls_the_rpc_with_the_agreed_argument_order_and_types _

self = <backend.tests.test_delivery_note_convert.TestConvertRepository object at 0x000001CF138ED950>

    @pytest.mark.asyncio
    async def test_it_calls_the_rpc_with_the_agreed_argument_order_and_types(self):
        from backend.repositories.delivery_note_repository import DeliveryNoteRepository
    
        conn = _RecordingConn(answer={"delivery_note_id": DN_ID, "replayed": False})
>       out = await DeliveryNoteRepository(conn).convert_to_sale(
                    ^^^^^^^^^^^^^^^^^^^^^^^^^^^^^^^^^^^^^^^^^^^^
            DN_ID, idempotency_key=IDEM_KEY, expected_revision=3, payment_method_id=PM_ID,
            cash_session_id=CASH_ID, bank_account_id=BANK_ID, canal="web")
E       AttributeError: 'DeliveryNoteRepository' object has no attribute 'convert_to_sale'

backend\tests\test_delivery_note_convert.py:428: AttributeError
_______ TestConvertRepository.test_it_decodes_a_jsonb_returned_as_text ________

self = <backend.tests.test_delivery_note_convert.TestConvertRepository object at 0x000001CF138EE5D0>

    @pytest.mark.asyncio
    async def test_it_decodes_a_jsonb_returned_as_text(self):
        from backend.repositories.delivery_note_repository import DeliveryNoteRepository
    
        conn = _RecordingConn(answer='{"delivery_note_id": "x", "replayed": true}')
>       out = await DeliveryNoteRepository(conn).convert_to_sale(
                    ^^^^^^^^^^^^^^^^^^^^^^^^^^^^^^^^^^^^^^^^^^^^
            DN_ID, idempotency_key=IDEM_KEY, expected_revision=1, payment_method_id=PM_ID,
            cash_session_id=None, bank_account_id=None, canal=None)
E       AttributeError: 'DeliveryNoteRepository' object has no attribute 'convert_to_sale'

backend\tests\test_delivery_note_convert.py:446: AttributeError
______ TestConvertRepository.test_the_conversion_writes_nothing_directly ______

self = <backend.tests.test_delivery_note_convert.TestConvertRepository object at 0x000001CF138F5BA0>

    @pytest.mark.asyncio
    async def test_the_conversion_writes_nothing_directly(self):
        """Todo va por la RPC: ni INSERT/UPDATE/DELETE sobre el remito, las
        órdenes ni el ledger de stock desde el repositorio."""
        from backend.repositories.delivery_note_repository import DeliveryNoteRepository
    
        conn = _RecordingConn(answer={})
>       await DeliveryNoteRepository(conn).convert_to_sale(
              ^^^^^^^^^^^^^^^^^^^^^^^^^^^^^^^^^^^^^^^^^^^^
            DN_ID, idempotency_key=IDEM_KEY, expected_revision=1, payment_method_id=PM_ID,
            cash_session_id=None, bank_account_id=None, canal=None)
E       AttributeError: 'DeliveryNoteRepository' object has no attribute 'convert_to_sale'

backend\tests\test_delivery_note_convert.py:458: AttributeError
_ TestConvertRepository.test_the_detail_derives_the_generated_sale_from_the_live_order _

self = <backend.tests.test_delivery_note_convert.TestConvertRepository object at 0x000001CF138F5CD0>

    @pytest.mark.asyncio
    async def test_the_detail_derives_the_generated_sale_from_the_live_order(self):
        """La tanda A devolvía NULL fijo; desde la B se derivan de la orden VIVA
        del remito (no cancelada), con la cuenta en el JOIN, igual que
        `_delivery_note_payload`."""
        from backend.repositories.delivery_note_repository import DeliveryNoteRepository
    
        conn = _RecordingConn()
        await DeliveryNoteRepository(conn).get_delivery_note(DN_ID, ACCOUNT_ID)
    
        sql = " ".join(conn.calls[0][1].split())
>       assert "NULL::uuid AS converted_sales_order_id" not in sql
E       AssertionError: assert 'NULL::uuid ...les_order_id' not in 'SELECT dn.*...d = $2::uuid'
E         
E         'NULL::uuid AS converted_sales_order_id' is contained here:
E           nch_name, NULL::uuid AS converted_sales_order_id, NULL::uuid AS converted_operation_id FROM public.delivery_notes dn LEFT JOIN public.clients c ON c.id = dn.client_id AND c.account_id = dn.account_id LEFT JOIN public.branches b ON b.id = dn.branch_id AND b.account_id = dn.account_id WHERE dn.id = $1::uuid AND dn.account_id = $2::uuid
E         ?           ++++++++++++++++++++++++++++++++++++++

backend\tests\test_delivery_note_convert.py:475: AssertionError
_____________ TestConvertEndpoint.test_the_route_exists_with_post _____________

self = <backend.tests.test_delivery_note_convert.TestConvertEndpoint object at 0x000001CF138EE850>

    async def test_the_route_exists_with_post(self):
        from backend.main import app
    
        routes = {(m, r.path) for r in effective_routes(app) for m in r.methods}
>       assert ("POST", "/delivery-notes/{delivery_note_id}/convert") in routes
E       AssertionError: assert ('POST', '/delivery-notes/{delivery_note_id}/convert') in {('DELETE', '/clients/{client_id}'), ('DELETE', '/clients/{client_id}/addresses/{address_id}'), ('DELETE', '/customer-...ELETE', '/expenses/{expense_id}'), ('DELETE', '/fiscal/points-of-sale/default'), ('DELETE', '/members/{user_id}'), ...}

backend\tests\test_delivery_note_convert.py:492: AssertionError
_ TestConvertEndpoint.test_convert_returns_200_with_the_sale_and_the_key_reaches_the_rpc _

self = <backend.tests.test_delivery_note_convert.TestConvertEndpoint object at 0x000001CF138EE710>
async_client = <httpx.AsyncClient object at 0x000001CF155CBE00>
repo_override = (<AsyncMock id='1988937377376'>, (<MagicMock id='1988937369312'>, <AsyncMock id='1988937369648'>))

    async def test_convert_returns_200_with_the_sale_and_the_key_reaches_the_rpc(self, async_client, repo_override):
        repo, (pool, conn) = repo_override
        repo.convert_to_sale.return_value = _rpc_result()
        conn.fetchval = account_roles_fetchval(["cashier"])
        with patch("backend.core.database.pool", pool):
            resp = await async_client.post(
                f"/delivery-notes/{DN_ID}/convert", json=_convert_body(), headers=_headers("cashier"))
    
>       assert resp.status_code == 200, resp.text
E       AssertionError: {"detail":"Not Found"}
E       assert 404 == 200
E        +  where 404 = <Response [404 Not Found]>.status_code

backend\tests\test_delivery_note_convert.py:502: AssertionError
_________ TestConvertEndpoint.test_a_replay_is_200_with_replayed_true _________

self = <backend.tests.test_delivery_note_convert.TestConvertEndpoint object at 0x000001CF138F5F30>
async_client = <httpx.AsyncClient object at 0x000001CF15D42FD0>
repo_override = (<AsyncMock id='1988938203216'>, (<MagicMock id='1988937818064'>, <AsyncMock id='1988937818400'>))

    async def test_a_replay_is_200_with_replayed_true(self, async_client, repo_override):
        repo, (pool, conn) = repo_override
        repo.convert_to_sale.return_value = _rpc_result(replayed=True)
        conn.fetchval = account_roles_fetchval(["seller"])
        with patch("backend.core.database.pool", pool):
            resp = await async_client.post(
                f"/delivery-notes/{DN_ID}/convert", json=_convert_body(), headers=_headers("seller"))
    
>       assert resp.status_code == 200, resp.text
E       AssertionError: {"detail":"Not Found"}
E       assert 404 == 200
E        +  where 404 = <Response [404 Not Found]>.status_code

backend\tests\test_delivery_note_convert.py:518: AssertionError
_ TestConvertEndpoint.test_without_idempotency_key_it_is_rejected_before_the_rpc _

self = <backend.tests.test_delivery_note_convert.TestConvertEndpoint object at 0x000001CF138F6060>
async_client = <httpx.AsyncClient object at 0x000001CF15EAC2D0>
repo_override = (<AsyncMock id='1988937600368'>, (<MagicMock id='1988938214640'>, <AsyncMock id='1988938214976'>))

    async def test_without_idempotency_key_it_is_rejected_before_the_rpc(self, async_client, repo_override):
        repo, (pool, conn) = repo_override
        with patch("backend.core.database.pool", pool):
            resp = await async_client.post(
                f"/delivery-notes/{DN_ID}/convert", json=_convert_body(), headers=_headers("cashier", key=None))
    
>       assert resp.status_code == 422
E       assert 404 == 422
E        +  where 404 = <Response [404 Not Found]>.status_code

backend\tests\test_delivery_note_convert.py:527: AssertionError
________ TestConvertEndpoint.test_the_key_in_the_body_is_not_accepted _________

self = <backend.tests.test_delivery_note_convert.TestConvertEndpoint object at 0x000001CF14231FD0>
async_client = <httpx.AsyncClient object at 0x000001CF15E5BCE0>
repo_override = (<AsyncMock id='1988955428176'>, (<MagicMock id='1988937610448'>, <AsyncMock id='1988937610784'>))

    async def test_the_key_in_the_body_is_not_accepted(self, async_client, repo_override):
        repo, (pool, conn) = repo_override
        with patch("backend.core.database.pool", pool):
            resp = await async_client.post(
                f"/delivery-notes/{DN_ID}/convert",
                json=_convert_body(idempotency_key="from-body"),
                headers=_headers("cashier", key=None))
    
>       assert resp.status_code == 422
E       assert 404 == 422
E        +  where 404 = <Response [404 Not Found]>.status_code

backend\tests\test_delivery_note_convert.py:540: AssertionError
_____________ TestConvertEndpoint.test_roles_over_http[stock-403] _____________

self = <backend.tests.test_delivery_note_convert.TestConvertEndpoint object at 0x000001CF142BDE10>
async_client = <httpx.AsyncClient object at 0x000001CF16F38D60>
repo_override = (<AsyncMock id='1988955201488'>, (<MagicMock id='1988955193424'>, <AsyncMock id='1988955193760'>))
role = 'stock', status = 403

    @pytest.mark.parametrize("role,status", [("stock", 403), ("viewer", 403), ("purchases", 403),
                                             ("cashier", 200), ("seller", 200), ("admin", 200), ("owner", 200)])
    async def test_roles_over_http(self, async_client, repo_override, role, status):
        repo, (pool, conn) = repo_override
        repo.convert_to_sale.return_value = _rpc_result()
        conn.fetchval = account_roles_fetchval([role])
        with patch("backend.core.database.pool", pool):
            resp = await async_client.post(
                f"/delivery-notes/{DN_ID}/convert", json=_convert_body(), headers=_headers(role))
    
>       assert resp.status_code == status, f"{role}: {resp.text}"
E       AssertionError: stock: {"detail":"Not Found"}
E       assert 404 == 403
E        +  where 404 = <Response [404 Not Found]>.status_code

backend\tests\test_delivery_note_convert.py:553: AssertionError
____________ TestConvertEndpoint.test_roles_over_http[viewer-403] _____________

self = <backend.tests.test_delivery_note_convert.TestConvertEndpoint object at 0x000001CF142BE030>
async_client = <httpx.AsyncClient object at 0x000001CF15DDB650>
repo_override = (<AsyncMock id='1988955436912'>, (<MagicMock id='1988955429856'>, <AsyncMock id='1988955429184'>))
role = 'viewer', status = 403

    @pytest.mark.parametrize("role,status", [("stock", 403), ("viewer", 403), ("purchases", 403),
                                             ("cashier", 200), ("seller", 200), ("admin", 200), ("owner", 200)])
    async def test_roles_over_http(self, async_client, repo_override, role, status):
        repo, (pool, conn) = repo_override
        repo.convert_to_sale.return_value = _rpc_result()
        conn.fetchval = account_roles_fetchval([role])
        with patch("backend.core.database.pool", pool):
            resp = await async_client.post(
                f"/delivery-notes/{DN_ID}/convert", json=_convert_body(), headers=_headers(role))
    
>       assert resp.status_code == status, f"{role}: {resp.text}"
E       AssertionError: viewer: {"detail":"Not Found"}
E       assert 404 == 403
E        +  where 404 = <Response [404 Not Found]>.status_code

backend\tests\test_delivery_note_convert.py:553: AssertionError
___________ TestConvertEndpoint.test_roles_over_http[purchases-403] ___________

self = <backend.tests.test_delivery_note_convert.TestConvertEndpoint object at 0x000001CF138FA150>
async_client = <httpx.AsyncClient object at 0x000001CF147E9040>
repo_override = (<AsyncMock id='1988907543120'>, (<MagicMock id='1988915956768'>, <AsyncMock id='1988915956096'>))
role = 'purchases', status = 403

    @pytest.mark.parametrize("role,status", [("stock", 403), ("viewer", 403), ("purchases", 403),
                                             ("cashier", 200), ("seller", 200), ("admin", 200), ("owner", 200)])
    async def test_roles_over_http(self, async_client, repo_override, role, status):
        repo, (pool, conn) = repo_override
        repo.convert_to_sale.return_value = _rpc_result()
        conn.fetchval = account_roles_fetchval([role])
        with patch("backend.core.database.pool", pool):
            resp = await async_client.post(
                f"/delivery-notes/{DN_ID}/convert", json=_convert_body(), headers=_headers(role))
    
>       assert resp.status_code == status, f"{role}: {resp.text}"
E       AssertionError: purchases: {"detail":"Not Found"}
E       assert 404 == 403
E        +  where 404 = <Response [404 Not Found]>.status_code

backend\tests\test_delivery_note_convert.py:553: AssertionError
____________ TestConvertEndpoint.test_roles_over_http[cashier-200] ____________

self = <backend.tests.test_delivery_note_convert.TestConvertEndpoint object at 0x000001CF138FA250>
async_client = <httpx.AsyncClient object at 0x000001CF15E41F20>
repo_override = (<AsyncMock id='1988928255184'>, (<MagicMock id='1988937824112'>, <AsyncMock id='1988937823440'>))
role = 'cashier', status = 200

    @pytest.mark.parametrize("role,status", [("stock", 403), ("viewer", 403), ("purchases", 403),
                                             ("cashier", 200), ("seller", 200), ("admin", 200), ("owner", 200)])
    async def test_roles_over_http(self, async_client, repo_override, role, status):
        repo, (pool, conn) = repo_override
        repo.convert_to_sale.return_value = _rpc_result()
        conn.fetchval = account_roles_fetchval([role])
        with patch("backend.core.database.pool", pool):
            resp = await async_client.post(
                f"/delivery-notes/{DN_ID}/convert", json=_convert_body(), headers=_headers(role))
    
>       assert resp.status_code == status, f"{role}: {resp.text}"
E       AssertionError: cashier: {"detail":"Not Found"}
E       assert 404 == 200
E        +  where 404 = <Response [404 Not Found]>.status_code

backend\tests\test_delivery_note_convert.py:553: AssertionError
____________ TestConvertEndpoint.test_roles_over_http[seller-200] _____________

self = <backend.tests.test_delivery_note_convert.TestConvertEndpoint object at 0x000001CF13902210>
async_client = <httpx.AsyncClient object at 0x000001CF14958850>
repo_override = (<AsyncMock id='1988955010592'>, (<MagicMock id='1988955002528'>, <AsyncMock id='1988955002864'>))
role = 'seller', status = 200

    @pytest.mark.parametrize("role,status", [("stock", 403), ("viewer", 403), ("purchases", 403),
                                             ("cashier", 200), ("seller", 200), ("admin", 200), ("owner", 200)])
    async def test_roles_over_http(self, async_client, repo_override, role, status):
        repo, (pool, conn) = repo_override
        repo.convert_to_sale.return_value = _rpc_result()
        conn.fetchval = account_roles_fetchval([role])
        with patch("backend.core.database.pool", pool):
            resp = await async_client.post(
                f"/delivery-notes/{DN_ID}/convert", json=_convert_body(), headers=_headers(role))
    
>       assert resp.status_code == status, f"{role}: {resp.text}"
E       AssertionError: seller: {"detail":"Not Found"}
E       assert 404 == 200
E        +  where 404 = <Response [404 Not Found]>.status_code

backend\tests\test_delivery_note_convert.py:553: AssertionError
_____________ TestConvertEndpoint.test_roles_over_http[admin-200] _____________

self = <backend.tests.test_delivery_note_convert.TestConvertEndpoint object at 0x000001CF13902300>
async_client = <httpx.AsyncClient object at 0x000001CF15E78E50>
repo_override = (<AsyncMock id='1988937286720'>, (<MagicMock id='1988937868224'>, <AsyncMock id='1988937868560'>))
role = 'admin', status = 200

    @pytest.mark.parametrize("role,status", [("stock", 403), ("viewer", 403), ("purchases", 403),
                                             ("cashier", 200), ("seller", 200), ("admin", 200), ("owner", 200)])
    async def test_roles_over_http(self, async_client, repo_override, role, status):
        repo, (pool, conn) = repo_override
        repo.convert_to_sale.return_value = _rpc_result()
        conn.fetchval = account_roles_fetchval([role])
        with patch("backend.core.database.pool", pool):
            resp = await async_client.post(
                f"/delivery-notes/{DN_ID}/convert", json=_convert_body(), headers=_headers(role))
    
>       assert resp.status_code == status, f"{role}: {resp.text}"
E       AssertionError: admin: {"detail":"Not Found"}
E       assert 404 == 200
E        +  where 404 = <Response [404 Not Found]>.status_code

backend\tests\test_delivery_note_convert.py:553: AssertionError
_____________ TestConvertEndpoint.test_roles_over_http[owner-200] _____________

self = <backend.tests.test_delivery_note_convert.TestConvertEndpoint object at 0x000001CF14220210>
async_client = <httpx.AsyncClient object at 0x000001CF158385F0>
repo_override = (<AsyncMock id='1988956442976'>, (<MagicMock id='1988937298144'>, <AsyncMock id='1988937298480'>))
role = 'owner', status = 200

    @pytest.mark.parametrize("role,status", [("stock", 403), ("viewer", 403), ("purchases", 403),
                                             ("cashier", 200), ("seller", 200), ("admin", 200), ("owner", 200)])
    async def test_roles_over_http(self, async_client, repo_override, role, status):
        repo, (pool, conn) = repo_override
        repo.convert_to_sale.return_value = _rpc_result()
        conn.fetchval = account_roles_fetchval([role])
        with patch("backend.core.database.pool", pool):
            resp = await async_client.post(
                f"/delivery-notes/{DN_ID}/convert", json=_convert_body(), headers=_headers(role))
    
>       assert resp.status_code == status, f"{role}: {resp.text}"
E       AssertionError: owner: {"detail":"Not Found"}
E       assert 404 == 200
E        +  where 404 = <Response [404 Not Found]>.status_code

backend\tests\test_delivery_note_convert.py:553: AssertionError
___ TestConvertEndpoint.test_validation_happens_before_the_database[body0] ____

self = <backend.tests.test_delivery_note_convert.TestConvertEndpoint object at 0x000001CF1424B3F0>
async_client = <httpx.AsyncClient object at 0x000001CF15838E60>
repo_override = (<AsyncMock id='1988937297472'>, (<MagicMock id='1988956454400'>, <AsyncMock id='1988956012624'>))
body = {'payment_method_id': '99999999-9999-9999-9999-999999999999'}

    @pytest.mark.parametrize("body", [
        {"payment_method_id": PM_ID},                        # sin versión
        {"expected_revision": 2},                            # sin forma de pago
        {"expected_revision": 0, "payment_method_id": PM_ID},
        {"expected_revision": 2, "payment_method_id": "no-es-uuid"},
        {"expected_revision": "dos", "payment_method_id": PM_ID},
        {"expected_revision": 2, "payment_method_id": PM_ID, "canal": "x" * 41},
    ])
    async def test_validation_happens_before_the_database(self, async_client, repo_override, body):
        repo, (pool, conn) = repo_override
        conn.fetchval = account_roles_fetchval(["cashier"])
        with patch("backend.core.database.pool", pool):
            resp = await async_client.post(
                f"/delivery-notes/{DN_ID}/convert", json=body, headers=_headers("cashier"))
    
>       assert resp.status_code == 422, body
E       AssertionError: {'payment_method_id': '99999999-9999-9999-9999-999999999999'}
E       assert 404 == 422
E        +  where 404 = <Response [404 Not Found]>.status_code

backend\tests\test_delivery_note_convert.py:576: AssertionError
___ TestConvertEndpoint.test_validation_happens_before_the_database[body1] ____

self = <backend.tests.test_delivery_note_convert.TestConvertEndpoint object at 0x000001CF142598B0>
async_client = <httpx.AsyncClient object at 0x000001CF15E6D8D0>
repo_override = (<AsyncMock id='1988928252496'>, (<MagicMock id='1988937286384'>, <AsyncMock id='1988937293104'>))
body = {'expected_revision': 2}

    @pytest.mark.parametrize("body", [
        {"payment_method_id": PM_ID},                        # sin versión
        {"expected_revision": 2},                            # sin forma de pago
        {"expected_revision": 0, "payment_method_id": PM_ID},
        {"expected_revision": 2, "payment_method_id": "no-es-uuid"},
        {"expected_revision": "dos", "payment_method_id": PM_ID},
        {"expected_revision": 2, "payment_method_id": PM_ID, "canal": "x" * 41},
    ])
    async def test_validation_happens_before_the_database(self, async_client, repo_override, body):
        repo, (pool, conn) = repo_override
        conn.fetchval = account_roles_fetchval(["cashier"])
        with patch("backend.core.database.pool", pool):
            resp = await async_client.post(
                f"/delivery-notes/{DN_ID}/convert", json=body, headers=_headers("cashier"))
    
>       assert resp.status_code == 422, body
E       AssertionError: {'expected_revision': 2}
E       assert 404 == 422
E        +  where 404 = <Response [404 Not Found]>.status_code

backend\tests\test_delivery_note_convert.py:576: AssertionError
___ TestConvertEndpoint.test_validation_happens_before_the_database[body2] ____

self = <backend.tests.test_delivery_note_convert.TestConvertEndpoint object at 0x000001CF1285B350>
async_client = <httpx.AsyncClient object at 0x000001CF149E1710>
repo_override = (<AsyncMock id='1988914074960'>, (<MagicMock id='1988937811008'>, <AsyncMock id='1988937812016'>))
body = {'expected_revision': 0, 'payment_method_id': '99999999-9999-9999-9999-999999999999'}

    @pytest.mark.parametrize("body", [
        {"payment_method_id": PM_ID},                        # sin versión
        {"expected_revision": 2},                            # sin forma de pago
        {"expected_revision": 0, "payment_method_id": PM_ID},
        {"expected_revision": 2, "payment_method_id": "no-es-uuid"},
        {"expected_revision": "dos", "payment_method_id": PM_ID},
        {"expected_revision": 2, "payment_method_id": PM_ID, "canal": "x" * 41},
    ])
    async def test_validation_happens_before_the_database(self, async_client, repo_override, body):
        repo, (pool, conn) = repo_override
        conn.fetchval = account_roles_fetchval(["cashier"])
        with patch("backend.core.database.pool", pool):
            resp = await async_client.post(
                f"/delivery-notes/{DN_ID}/convert", json=body, headers=_headers("cashier"))
    
>       assert resp.status_code == 422, body
E       AssertionError: {'expected_revision': 0, 'payment_method_id': '99999999-9999-9999-9999-999999999999'}
E       assert 404 == 422
E        +  where 404 = <Response [404 Not Found]>.status_code

backend\tests\test_delivery_note_convert.py:576: AssertionError
___ TestConvertEndpoint.test_validation_happens_before_the_database[body3] ____

self = <backend.tests.test_delivery_note_convert.TestConvertEndpoint object at 0x000001CF1429A810>
async_client = <httpx.AsyncClient object at 0x000001CF16F30530>
repo_override = (<AsyncMock id='1988956026736'>, (<MagicMock id='1988915560528'>, <AsyncMock id='1988915561872'>))
body = {'expected_revision': 2, 'payment_method_id': 'no-es-uuid'}

    @pytest.mark.parametrize("body", [
        {"payment_method_id": PM_ID},                        # sin versión
        {"expected_revision": 2},                            # sin forma de pago
        {"expected_revision": 0, "payment_method_id": PM_ID},
        {"expected_revision": 2, "payment_method_id": "no-es-uuid"},
        {"expected_revision": "dos", "payment_method_id": PM_ID},
        {"expected_revision": 2, "payment_method_id": PM_ID, "canal": "x" * 41},
    ])
    async def test_validation_happens_before_the_database(self, async_client, repo_override, body):
        repo, (pool, conn) = repo_override
        conn.fetchval = account_roles_fetchval(["cashier"])
        with patch("backend.core.database.pool", pool):
            resp = await async_client.post(
                f"/delivery-notes/{DN_ID}/convert", json=body, headers=_headers("cashier"))
    
>       assert resp.status_code == 422, body
E       AssertionError: {'expected_revision': 2, 'payment_method_id': 'no-es-uuid'}
E       assert 404 == 422
E        +  where 404 = <Response [404 Not Found]>.status_code

backend\tests\test_delivery_note_convert.py:576: AssertionError
___ TestConvertEndpoint.test_validation_happens_before_the_database[body4] ____

self = <backend.tests.test_delivery_note_convert.TestConvertEndpoint object at 0x000001CF142AF8B0>
async_client = <httpx.AsyncClient object at 0x000001CF1530FC50>
repo_override = (<AsyncMock id='1988938040384'>, (<MagicMock id='1988938195904'>, <AsyncMock id='1988938196240'>))
body = {'expected_revision': 'dos', 'payment_method_id': '99999999-9999-9999-9999-999999999999'}

    @pytest.mark.parametrize("body", [
        {"payment_method_id": PM_ID},                        # sin versión
        {"expected_revision": 2},                            # sin forma de pago
        {"expected_revision": 0, "payment_method_id": PM_ID},
        {"expected_revision": 2, "payment_method_id": "no-es-uuid"},
        {"expected_revision": "dos", "payment_method_id": PM_ID},
        {"expected_revision": 2, "payment_method_id": PM_ID, "canal": "x" * 41},
    ])
    async def test_validation_happens_before_the_database(self, async_client, repo_override, body):
        repo, (pool, conn) = repo_override
        conn.fetchval = account_roles_fetchval(["cashier"])
        with patch("backend.core.database.pool", pool):
            resp = await async_client.post(
                f"/delivery-notes/{DN_ID}/convert", json=body, headers=_headers("cashier"))
    
>       assert resp.status_code == 422, body
E       AssertionError: {'expected_revision': 'dos', 'payment_method_id': '99999999-9999-9999-9999-999999999999'}
E       assert 404 == 422
E        +  where 404 = <Response [404 Not Found]>.status_code

backend\tests\test_delivery_note_convert.py:576: AssertionError
___ TestConvertEndpoint.test_validation_happens_before_the_database[body5] ____

self = <backend.tests.test_delivery_note_convert.TestConvertEndpoint object at 0x000001CF142AFC20>
async_client = <httpx.AsyncClient object at 0x000001CF15E94710>
repo_override = (<AsyncMock id='1988956000272'>, (<MagicMock id='1988938051472'>, <AsyncMock id='1988938051808'>))
body = {'canal': 'xxxxxxxxxxxxxxxxxxxxxxxxxxxxxxxxxxxxxxxxx', 'expected_revision': 2, 'payment_method_id': '99999999-9999-9999-9999-999999999999'}

    @pytest.mark.parametrize("body", [
        {"payment_method_id": PM_ID},                        # sin versión
        {"expected_revision": 2},                            # sin forma de pago
        {"expected_revision": 0, "payment_method_id": PM_ID},
        {"expected_revision": 2, "payment_method_id": "no-es-uuid"},
        {"expected_revision": "dos", "payment_method_id": PM_ID},
        {"expected_revision": 2, "payment_method_id": PM_ID, "canal": "x" * 41},
    ])
    async def test_validation_happens_before_the_database(self, async_client, repo_override, body):
        repo, (pool, conn) = repo_override
        conn.fetchval = account_roles_fetchval(["cashier"])
        with patch("backend.core.database.pool", pool):
            resp = await async_client.post(
                f"/delivery-notes/{DN_ID}/convert", json=body, headers=_headers("cashier"))
    
>       assert resp.status_code == 422, body
E       AssertionError: {'canal': 'xxxxxxxxxxxxxxxxxxxxxxxxxxxxxxxxxxxxxxxxx', 'expected_revision': 2, 'payment_method_id': '99999999-9999-9999-9999-999999999999'}
E       assert 404 == 422
E        +  where 404 = <Response [404 Not Found]>.status_code

backend\tests\test_delivery_note_convert.py:576: AssertionError
_____________ TestConvertEndpoint.test_a_non_uuid_note_id_is_422 ______________

self = <backend.tests.test_delivery_note_convert.TestConvertEndpoint object at 0x000001CF1396ADF0>
async_client = <httpx.AsyncClient object at 0x000001CF15E944D0>
repo_override = (<AsyncMock id='1988938050800'>, (<MagicMock id='1988956011360'>, <AsyncMock id='1988956011696'>))

    async def test_a_non_uuid_note_id_is_422(self, async_client, repo_override):
        repo, (pool, conn) = repo_override
        with patch("backend.core.database.pool", pool):
            resp = await async_client.post(
                "/delivery-notes/not-a-uuid/convert", json=_convert_body(), headers=_headers("cashier"))
>       assert resp.status_code == 422
E       assert 404 == 422
E        +  where 404 = <Response [404 Not Found]>.status_code

backend\tests\test_delivery_note_convert.py:584: AssertionError
_______________ TestConvertEndpoint.test_unauthenticated_is_401 _______________

self = <backend.tests.test_delivery_note_convert.TestConvertEndpoint object at 0x000001CF1396B250>
async_client = <httpx.AsyncClient object at 0x000001CF1530FC50>
repo_override = (<AsyncMock id='1988956022368'>, (<MagicMock id='1988938046096'>, <AsyncMock id='1988938040720'>))

    async def test_unauthenticated_is_401(self, async_client, repo_override):
        resp = await async_client.post(f"/delivery-notes/{DN_ID}/convert", json=_convert_body())
>       assert resp.status_code == 401
E       assert 404 == 401
E        +  where 404 = <Response [404 Not Found]>.status_code

backend\tests\test_delivery_note_convert.py:589: AssertionError
_ TestConvertEndpoint.test_business_errors_are_problem_json_with_the_stable_code[P0409-delivery_note_changed: el remito cambi\xf3 desde que lo abriste (versi\xf3n 1 vs 2) \u2014 recargalo-409-delivery_note_changed] _

self = <backend.tests.test_delivery_note_convert.TestConvertEndpoint object at 0x000001CF1427DD90>
async_client = <httpx.AsyncClient object at 0x000001CF1530EB10>
repo_override = (<AsyncMock id='1988914640080'>, (<MagicMock id='1988914073952'>, <AsyncMock id='1988914070256'>))
sqlstate = 'P0409'
message = 'delivery_note_changed: el remito cambió desde que lo abriste (versión 1 vs 2) — recargalo'
status = 409, code = 'delivery_note_changed'

    @pytest.mark.parametrize("sqlstate,message,status,code", CONVERT_LITERALS[:9])
    async def test_business_errors_are_problem_json_with_the_stable_code(
        self, async_client, repo_override, sqlstate, message, status, code
    ):
        repo, (pool, conn) = repo_override
        repo.convert_to_sale.side_effect = _pg_error(sqlstate, message)
        conn.fetchval = account_roles_fetchval(["cashier"])
        with patch("backend.core.database.pool", pool):
            resp = await async_client.post(
                f"/delivery-notes/{DN_ID}/convert", json=_convert_body(), headers=_headers("cashier"))
    
>       assert resp.status_code == status
E       assert 404 == 409
E        +  where 404 = <Response [404 Not Found]>.status_code

backend\tests\test_delivery_note_convert.py:602: AssertionError
_ TestConvertEndpoint.test_business_errors_are_problem_json_with_the_stable_code[P0409-delivery_note_invalid_state: el remito est\xe1 converted y no se puede convertir-409-delivery_note_invalid_state] _

self = <backend.tests.test_delivery_note_convert.TestConvertEndpoint object at 0x000001CF140A28D0>
async_client = <httpx.AsyncClient object at 0x000001CF1486B290>
repo_override = (<AsyncMock id='1988928253504'>, (<MagicMock id='1988937823104'>, <AsyncMock id='1988937817392'>))
sqlstate = 'P0409'
message = 'delivery_note_invalid_state: el remito está converted y no se puede convertir'
status = 409, code = 'delivery_note_invalid_state'

    @pytest.mark.parametrize("sqlstate,message,status,code", CONVERT_LITERALS[:9])
    async def test_business_errors_are_problem_json_with_the_stable_code(
        self, async_client, repo_override, sqlstate, message, status, code
    ):
        repo, (pool, conn) = repo_override
        repo.convert_to_sale.side_effect = _pg_error(sqlstate, message)
        conn.fetchval = account_roles_fetchval(["cashier"])
        with patch("backend.core.database.pool", pool):
            resp = await async_client.post(
                f"/delivery-notes/{DN_ID}/convert", json=_convert_body(), headers=_headers("cashier"))
    
>       assert resp.status_code == status
E       assert 404 == 409
E        +  where 404 = <Response [404 Not Found]>.status_code

backend\tests\test_delivery_note_convert.py:602: AssertionError
_ TestConvertEndpoint.test_business_errors_are_problem_json_with_the_stable_code[P0409-idempotency_key_conflict: la clave ya se us\xf3 para otra operaci\xf3n-409-idempotency_key_conflict] _

self = <backend.tests.test_delivery_note_convert.TestConvertEndpoint object at 0x000001CF140A2050>
async_client = <httpx.AsyncClient object at 0x000001CF1530FDD0>
repo_override = (<AsyncMock id='1988956634624'>, (<MagicMock id='1988956626560'>, <AsyncMock id='1988956626896'>))
sqlstate = 'P0409'
message = 'idempotency_key_conflict: la clave ya se usó para otra operación'
status = 409, code = 'idempotency_key_conflict'

    @pytest.mark.parametrize("sqlstate,message,status,code", CONVERT_LITERALS[:9])
    async def test_business_errors_are_problem_json_with_the_stable_code(
        self, async_client, repo_override, sqlstate, message, status, code
    ):
        repo, (pool, conn) = repo_override
        repo.convert_to_sale.side_effect = _pg_error(sqlstate, message)
        conn.fetchval = account_roles_fetchval(["cashier"])
        with patch("backend.core.database.pool", pool):
            resp = await async_client.post(
                f"/delivery-notes/{DN_ID}/convert", json=_convert_body(), headers=_headers("cashier"))
    
>       assert resp.status_code == status
E       assert 404 == 409
E        +  where 404 = <Response [404 Not Found]>.status_code

backend\tests\test_delivery_note_convert.py:602: AssertionError
_ TestConvertEndpoint.test_business_errors_are_problem_json_with_the_stable_code[P0404-delivery_note_not_found: dddd-404-delivery_note_not_found] _

self = <backend.tests.test_delivery_note_convert.TestConvertEndpoint object at 0x000001CF14242350>
async_client = <httpx.AsyncClient object at 0x000001CF15E94D10>
repo_override = (<AsyncMock id='1988957342752'>, (<MagicMock id='1988938148768'>, <AsyncMock id='1988938149104'>))
sqlstate = 'P0404', message = 'delivery_note_not_found: dddd', status = 404
code = 'delivery_note_not_found'

    @pytest.mark.parametrize("sqlstate,message,status,code", CONVERT_LITERALS[:9])
    async def test_business_errors_are_problem_json_with_the_stable_code(
        self, async_client, repo_override, sqlstate, message, status, code
    ):
        repo, (pool, conn) = repo_override
        repo.convert_to_sale.side_effect = _pg_error(sqlstate, message)
        conn.fetchval = account_roles_fetchval(["cashier"])
        with patch("backend.core.database.pool", pool):
            resp = await async_client.post(
                f"/delivery-notes/{DN_ID}/convert", json=_convert_body(), headers=_headers("cashier"))
    
        assert resp.status_code == status
>       assert resp.headers["content-type"].startswith("application/problem+json")
E       AssertionError: assert False
E        +  where False = <built-in method startswith of str object at 0x000001CF15F2A230>('application/problem+json')
E        +    where <built-in method startswith of str object at 0x000001CF15F2A230> = 'application/json'.startswith

backend\tests\test_delivery_note_convert.py:603: AssertionError
_ TestConvertEndpoint.test_business_errors_are_problem_json_with_the_stable_code[P0404-delivery_note_client_unavailable: el cliente del remito fue dado de baja: edit\xe1 el remito-404-delivery_note_client_unavailable] _

self = <backend.tests.test_delivery_note_convert.TestConvertEndpoint object at 0x000001CF14241EF0>
async_client = <httpx.AsyncClient object at 0x000001CF15E95310>
repo_override = (<AsyncMock id='1988938148096'>, (<MagicMock id='1988957354512'>, <AsyncMock id='1988957354848'>))
sqlstate = 'P0404'
message = 'delivery_note_client_unavailable: el cliente del remito fue dado de baja: editá el remito'
status = 404, code = 'delivery_note_client_unavailable'

    @pytest.mark.parametrize("sqlstate,message,status,code", CONVERT_LITERALS[:9])
    async def test_business_errors_are_problem_json_with_the_stable_code(
        self, async_client, repo_override, sqlstate, message, status, code
    ):
        repo, (pool, conn) = repo_override
        repo.convert_to_sale.side_effect = _pg_error(sqlstate, message)
        conn.fetchval = account_roles_fetchval(["cashier"])
        with patch("backend.core.database.pool", pool):
            resp = await async_client.post(
                f"/delivery-notes/{DN_ID}/convert", json=_convert_body(), headers=_headers("cashier"))
    
        assert resp.status_code == status
>       assert resp.headers["content-type"].startswith("application/problem+json")
E       AssertionError: assert False
E        +  where False = <built-in method startswith of str object at 0x000001CF15F29D30>('application/problem+json')
E        +    where <built-in method startswith of str object at 0x000001CF15F29D30> = 'application/json'.startswith

backend\tests\test_delivery_note_convert.py:603: AssertionError
_ TestConvertEndpoint.test_business_errors_are_problem_json_with_the_stable_code[P0422-branch_closed: la sucursal del remito est\xe1 desactivada o cerrada \u2014 reactivala para convertir el remito-422-branch_closed] _

self = <backend.tests.test_delivery_note_convert.TestConvertEndpoint object at 0x000001CF139419D0>
async_client = <httpx.AsyncClient object at 0x000001CF1486B290>
repo_override = (<AsyncMock id='1988956627232'>, (<MagicMock id='1988956626896'>, <AsyncMock id='1988956634288'>))
sqlstate = 'P0422'
message = 'branch_closed: la sucursal del remito está desactivada o cerrada — reactivala para convertir el remito'
status = 422, code = 'branch_closed'

    @pytest.mark.parametrize("sqlstate,message,status,code", CONVERT_LITERALS[:9])
    async def test_business_errors_are_problem_json_with_the_stable_code(
        self, async_client, repo_override, sqlstate, message, status, code
    ):
        repo, (pool, conn) = repo_override
        repo.convert_to_sale.side_effect = _pg_error(sqlstate, message)
        conn.fetchval = account_roles_fetchval(["cashier"])
        with patch("backend.core.database.pool", pool):
            resp = await async_client.post(
                f"/delivery-notes/{DN_ID}/convert", json=_convert_body(), headers=_headers("cashier"))
    
>       assert resp.status_code == status
E       assert 404 == 422
E        +  where 404 = <Response [404 Not Found]>.status_code

backend\tests\test_delivery_note_convert.py:602: AssertionError
_ TestConvertEndpoint.test_business_errors_are_problem_json_with_the_stable_code[P0422-delivery_note_branch_inactive: la sucursal del remito R-00000012 est\xe1 desactivada o cerrada-422-delivery_note_branch_inactive] _

self = <backend.tests.test_delivery_note_convert.TestConvertEndpoint object at 0x000001CF13941970>
async_client = <httpx.AsyncClient object at 0x000001CF1530E210>
repo_override = (<AsyncMock id='1988937813696'>, (<MagicMock id='1988928256192'>, <AsyncMock id='1988928252496'>))
sqlstate = 'P0422'
message = 'delivery_note_branch_inactive: la sucursal del remito R-00000012 está desactivada o cerrada'
status = 422, code = 'delivery_note_branch_inactive'

    @pytest.mark.parametrize("sqlstate,message,status,code", CONVERT_LITERALS[:9])
    async def test_business_errors_are_problem_json_with_the_stable_code(
        self, async_client, repo_override, sqlstate, message, status, code
    ):
        repo, (pool, conn) = repo_override
        repo.convert_to_sale.side_effect = _pg_error(sqlstate, message)
        conn.fetchval = account_roles_fetchval(["cashier"])
        with patch("backend.core.database.pool", pool):
            resp = await async_client.post(
                f"/delivery-notes/{DN_ID}/convert", json=_convert_body(), headers=_headers("cashier"))
    
>       assert resp.status_code == status
E       assert 404 == 422
E        +  where 404 = <Response [404 Not Found]>.status_code

backend\tests\test_delivery_note_convert.py:602: AssertionError
_ TestConvertEndpoint.test_business_errors_are_problem_json_with_the_stable_code[P0400-delivery_note_revision_required: falta la versi\xf3n del remito que se convierte-400-delivery_note_revision_required] _

self = <backend.tests.test_delivery_note_convert.TestConvertEndpoint object at 0x000001CF13966D50>
async_client = <httpx.AsyncClient object at 0x000001CF1530DE50>
repo_override = (<AsyncMock id='1988915956096'>, (<MagicMock id='1988914641760'>, <AsyncMock id='1988914642096'>))
sqlstate = 'P0400'
message = 'delivery_note_revision_required: falta la versión del remito que se convierte'
status = 400, code = 'delivery_note_revision_required'

    @pytest.mark.parametrize("sqlstate,message,status,code", CONVERT_LITERALS[:9])
    async def test_business_errors_are_problem_json_with_the_stable_code(
        self, async_client, repo_override, sqlstate, message, status, code
    ):
        repo, (pool, conn) = repo_override
        repo.convert_to_sale.side_effect = _pg_error(sqlstate, message)
        conn.fetchval = account_roles_fetchval(["cashier"])
        with patch("backend.core.database.pool", pool):
            resp = await async_client.post(
                f"/delivery-notes/{DN_ID}/convert", json=_convert_body(), headers=_headers("cashier"))
    
>       assert resp.status_code == status
E       assert 404 == 400
E        +  where 404 = <Response [404 Not Found]>.status_code

backend\tests\test_delivery_note_convert.py:602: AssertionError
_ TestConvertEndpoint.test_business_errors_are_problem_json_with_the_stable_code[P0400-payment_method_required: la conversi\xf3n exige una forma de pago del cat\xe1logo-400-payment_method_required] _

self = <backend.tests.test_delivery_note_convert.TestConvertEndpoint object at 0x000001CF13966AD0>
async_client = <httpx.AsyncClient object at 0x000001CF14868350>
repo_override = (<AsyncMock id='1988938040048'>, (<MagicMock id='1988956020352'>, <AsyncMock id='1988956019680'>))
sqlstate = 'P0400'
message = 'payment_method_required: la conversión exige una forma de pago del catálogo'
status = 400, code = 'payment_method_required'

    @pytest.mark.parametrize("sqlstate,message,status,code", CONVERT_LITERALS[:9])
    async def test_business_errors_are_problem_json_with_the_stable_code(
        self, async_client, repo_override, sqlstate, message, status, code
    ):
        repo, (pool, conn) = repo_override
        repo.convert_to_sale.side_effect = _pg_error(sqlstate, message)
        conn.fetchval = account_roles_fetchval(["cashier"])
        with patch("backend.core.database.pool", pool):
            resp = await async_client.post(
                f"/delivery-notes/{DN_ID}/convert", json=_convert_body(), headers=_headers("cashier"))
    
>       assert resp.status_code == status
E       assert 404 == 400
E        +  where 404 = <Response [404 Not Found]>.status_code

backend\tests\test_delivery_note_convert.py:602: AssertionError
_ TestConvertEndpoint.test_a_cash_conversion_without_an_open_session_surfaces_the_core_literal _

self = <backend.tests.test_delivery_note_convert.TestConvertEndpoint object at 0x000001CF13966E90>
async_client = <httpx.AsyncClient object at 0x000001CF15E94890>
repo_override = (<AsyncMock id='1988957330064'>, (<MagicMock id='1988957747728'>, <AsyncMock id='1988957748064'>))

    async def test_a_cash_conversion_without_an_open_session_surfaces_the_core_literal(self, async_client, repo_override):
        """`cash_requires_session` lo levanta el núcleo del POS: el cliente
        recibe el literal estable para ofrecer abrir la caja."""
        repo, (pool, conn) = repo_override
        repo.convert_to_sale.side_effect = _pg_error(
            "P0400", "cash_requires_session: payment_method=cash exige cash_session_id")
        conn.fetchval = account_roles_fetchval(["cashier"])
        with patch("backend.core.database.pool", pool):
            resp = await async_client.post(
                f"/delivery-notes/{DN_ID}/convert", json=_convert_body(), headers=_headers("cashier"))
    
>       assert resp.status_code == 400
E       assert 404 == 400
E        +  where 404 = <Response [404 Not Found]>.status_code

backend\tests\test_delivery_note_convert.py:618: AssertionError
_ TestSalesReadModel.test_the_sales_listing_derives_the_note_with_the_account_in_the_join _

self = <backend.tests.test_delivery_note_convert.TestSalesReadModel object at 0x000001CF138EE990>
async_client = <httpx.AsyncClient object at 0x000001CF15E944D0>
valid_token = 'eyJhbGciOiJIUzI1NiIsInR5cCI6IkpXVCJ9.eyJzdWIiOiIxMTExMTExMS0xMTExLTExMTEtMTExMS0xMTExMTExMTExMTEiLCJyb2xlIjoiYXV0aGVudGljYXRlZCIsImF1ZCI6ImF1dGhlbnRpY2F0ZWQiLCJleHAiOjE3OTEwMTY5MDd9.GlZGU7UIQZoQdN5omxmSgl-vVO4nXxVHfU-U8aigDTo'
mock_pool = (<MagicMock id='1988958144560'>, <AsyncMock id='1988958144896'>)

    async def test_the_sales_listing_derives_the_note_with_the_account_in_the_join(self, async_client, valid_token, mock_pool):
        pool, conn = mock_pool
        conn.fetch = AsyncMock(return_value=[])
        conn.fetchval = AsyncMock(return_value=0)
        with patch("backend.core.database.pool", pool):
            resp = await async_client.get("/sales", headers={"Authorization": f"Bearer {valid_token}"})
        assert resp.status_code == 200
    
        sql = _normalized(conn.fetch.await_args_list[-1].args[0])
>       assert re.search(r"so\.source_delivery_note_id\s+AS source_delivery_note_id\b", sql)
E       AssertionError: assert None
E        +  where None = <function search at 0x000001CF0E8D7420>('so\\.source_delivery_note_id\\s+AS source_delivery_note_id\\b', 'WITH op_page AS ( SELECT COALESCE(operation_id::text, id::text) AS op_key FROM sales WHERE account_id = $1::uuid AND ...AND s.unit_id IS NULL)) ORDER BY soi.id LIMIT 1 ) svc ON TRUE WHERE s.account_id = $1::uuid ORDER BY s.date DESC, s.id')
E        +    where <function search at 0x000001CF0E8D7420> = re.search

backend\tests\test_delivery_note_convert.py:640: AssertionError
_ TestSalesReadModel.test_the_reason_for_not_editing_is_derived_from_the_origin _

self = <backend.tests.test_delivery_note_convert.TestSalesReadModel object at 0x000001CF138EEAD0>
async_client = <httpx.AsyncClient object at 0x000001CF1530F410>
valid_token = 'eyJhbGciOiJIUzI1NiIsInR5cCI6IkpXVCJ9.eyJzdWIiOiIxMTExMTExMS0xMTExLTExMTEtMTExMS0xMTExMTExMTExMTEiLCJyb2xlIjoiYXV0aGVudGljYXRlZCIsImF1ZCI6ImF1dGhlbnRpY2F0ZWQiLCJleHAiOjE3OTEwMTY5MDd9.GlZGU7UIQZoQdN5omxmSgl-vVO4nXxVHfU-U8aigDTo'
mock_pool = (<MagicMock id='1988957740672'>, <AsyncMock id='1988957740000'>)

    async def test_the_reason_for_not_editing_is_derived_from_the_origin(self, async_client, valid_token, mock_pool):
        pool, conn = mock_pool
        conn.fetch = AsyncMock(return_value=[])
        conn.fetchval = AsyncMock(return_value=0)
        with patch("backend.core.database.pool", pool):
            await async_client.get("/sales", headers={"Authorization": f"Bearer {valid_token}"})
    
        sql = _normalized(conn.fetch.await_args_list[-1].args[0])
>       assert re.search(
            r"CASE WHEN so\.source_delivery_note_id IS NOT NULL THEN 'delivery_note_sale_locked' END\s+AS edit_locked_reason\b",
            sql)
E       assert None
E        +  where None = <function search at 0x000001CF0E8D7420>("CASE WHEN so\\.source_delivery_note_id IS NOT NULL THEN 'delivery_note_sale_locked' END\\s+AS edit_locked_reason\\b", 'WITH op_page AS ( SELECT COALESCE(operation_id::text, id::text) AS op_key FROM sales WHERE account_id = $1::uuid AND ...AND s.unit_id IS NULL)) ORDER BY soi.id LIMIT 1 ) svc ON TRUE WHERE s.account_id = $1::uuid ORDER BY s.date DESC, s.id')
E        +    where <function search at 0x000001CF0E8D7420> = re.search

backend\tests\test_delivery_note_convert.py:654: AssertionError
____ TestSalesReadModel.test_a_sale_from_a_note_exposes_origin_and_reason _____

self = <backend.tests.test_delivery_note_convert.TestSalesReadModel object at 0x000001CF138F69E0>
async_client = <httpx.AsyncClient object at 0x000001CF1530EB10>
valid_token = 'eyJhbGciOiJIUzI1NiIsInR5cCI6IkpXVCJ9.eyJzdWIiOiIxMTExMTExMS0xMTExLTExMTEtMTExMS0xMTExMTExMTExMTEiLCJyb2xlIjoiYXV0aGVudGljYXRlZCIsImF1ZCI6ImF1dGhlbnRpY2F0ZWQiLCJleHAiOjE3OTEwMTY5MDd9.GlZGU7UIQZoQdN5omxmSgl-vVO4nXxVHfU-U8aigDTo'
mock_pool = (<MagicMock id='1988915956432'>, <AsyncMock id='1988915956768'>)

    async def test_a_sale_from_a_note_exposes_origin_and_reason(self, async_client, valid_token, mock_pool):
        from backend.tests.test_factura_fiscal_read_models import _sale_row
    
        pool, conn = mock_pool
        conn.fetch = AsyncMock(return_value=[_sale_row(
            source_delivery_note_id=DN_ID, source_delivery_note_number=12,
            edit_locked_reason="delivery_note_sale_locked")])
        conn.fetchval = AsyncMock(return_value=1)
        with patch("backend.core.database.pool", pool):
            resp = await async_client.get("/sales", headers={"Authorization": f"Bearer {valid_token}"})
    
        item = resp.json()["items"][0]
>       assert item["source_delivery_note_id"] == DN_ID
               ^^^^^^^^^^^^^^^^^^^^^^^^^^^^^^^
E       KeyError: 'source_delivery_note_id'

backend\tests\test_delivery_note_convert.py:670: KeyError
____ TestSalesReadModel.test_a_plain_sale_invents_no_origin_and_no_reason _____

self = <backend.tests.test_delivery_note_convert.TestSalesReadModel object at 0x000001CF138F6B10>
async_client = <httpx.AsyncClient object at 0x000001CF14868350>
valid_token = 'eyJhbGciOiJIUzI1NiIsInR5cCI6IkpXVCJ9.eyJzdWIiOiIxMTExMTExMS0xMTExLTExMTEtMTExMS0xMTExMTExMTExMTEiLCJyb2xlIjoiYXV0aGVudGljYXRlZCIsImF1ZCI6ImF1dGhlbnRpY2F0ZWQiLCJleHAiOjE3OTEwMTY5MDd9.GlZGU7UIQZoQdN5omxmSgl-vVO4nXxVHfU-U8aigDTo'
mock_pool = (<MagicMock id='1988914075296'>, <AsyncMock id='1988914075968'>)

    async def test_a_plain_sale_invents_no_origin_and_no_reason(self, async_client, valid_token, mock_pool):
        from backend.tests.test_factura_fiscal_read_models import _sale_row
    
        pool, conn = mock_pool
        conn.fetch = AsyncMock(return_value=[_sale_row()])
        conn.fetchval = AsyncMock(return_value=1)
        with patch("backend.core.database.pool", pool):
            resp = await async_client.get("/sales", headers={"Authorization": f"Bearer {valid_token}"})
    
        item = resp.json()["items"][0]
>       assert item["source_delivery_note_id"] is None
               ^^^^^^^^^^^^^^^^^^^^^^^^^^^^^^^
E       KeyError: 'source_delivery_note_id'

backend\tests\test_delivery_note_convert.py:684: KeyError
_ TestSalesOrdersReadModel.test_list_orders_brings_the_number_of_the_origin_note _

self = <backend.tests.test_delivery_note_convert.TestSalesOrdersReadModel object at 0x000001CF138EEC10>

    async def test_list_orders_brings_the_number_of_the_origin_note(self):
        from backend.repositories.sales_order_repository import SalesOrderRepository
    
        conn = AsyncMock()
        conn.fetch = AsyncMock(return_value=[])
        await SalesOrderRepository(conn).list_orders(ACCOUNT_ID)
    
        sql = _normalized(conn.fetch.await_args.args[0])
>       assert re.search(r"sdn\.number\s+AS source_delivery_note_number\b", sql)
E       AssertionError: assert None
E        +  where None = <function search at 0x000001CF0E8D7420>('sdn\\.number\\s+AS source_delivery_note_number\\b', 'SELECT so.*, pm.kind AS payment_method, fd.status AS fiscal_document_status, fd.punto_de_venta AS fiscal_punto_de_ven...q.id = so.source_quote_id AND sq.account_id = so.account_id WHERE so.account_id = $1::uuid ORDER BY so.created_at DESC')
E        +    where <function search at 0x000001CF0E8D7420> = re.search

backend\tests\test_delivery_note_convert.py:698: AssertionError
_ TestSalesOrdersReadModel.test_get_order_brings_the_number_of_the_origin_note _

self = <backend.tests.test_delivery_note_convert.TestSalesOrdersReadModel object at 0x000001CF138EED50>

    async def test_get_order_brings_the_number_of_the_origin_note(self):
        from backend.repositories.sales_order_repository import SalesOrderRepository
    
        conn = AsyncMock()
        conn.fetchrow = AsyncMock(return_value=None)
        await SalesOrderRepository(conn).get_order("44444444-4444-4444-4444-444444444444", ACCOUNT_ID)
    
        sql = _normalized(conn.fetchrow.await_args.args[0])
>       assert re.search(r"sdn\.number\s+AS source_delivery_note_number\b", sql)
E       AssertionError: assert None
E        +  where None = <function search at 0x000001CF0E8D7420>('sdn\\.number\\s+AS source_delivery_note_number\\b', 'SELECT so.*, pm.kind AS payment_method, sq.number AS source_quote_number FROM public.sales_orders so LEFT JOIN public...sq ON sq.id = so.source_quote_id AND sq.account_id = so.account_id WHERE so.id = $1::uuid AND so.account_id = $2::uuid')
E        +    where <function search at 0x000001CF0E8D7420> = re.search

backend\tests\test_delivery_note_convert.py:711: AssertionError
__ TestSalesOrdersReadModel.test_the_orders_endpoint_exposes_the_origin_note __

self = <backend.tests.test_delivery_note_convert.TestSalesOrdersReadModel object at 0x000001CF138F6C40>
async_client = <httpx.AsyncClient object at 0x000001CF1530DE50>
valid_token = 'eyJhbGciOiJIUzI1NiIsInR5cCI6IkpXVCJ9.eyJzdWIiOiIxMTExMTExMS0xMTExLTExMTEtMTExMS0xMTExMTExMTExMTEiLCJyb2xlIjoiYXV0aGVudGljYXRlZCIsImF1ZCI6ImF1dGhlbnRpY2F0ZWQiLCJleHAiOjE3OTEwMTY5MDd9.GlZGU7UIQZoQdN5omxmSgl-vVO4nXxVHfU-U8aigDTo'
mock_pool = (<MagicMock id='1988957741344'>, <AsyncMock id='1988957738992'>)

    async def test_the_orders_endpoint_exposes_the_origin_note(self, async_client, valid_token, mock_pool):
        from backend.tests.test_factura_fiscal_read_models import _order_row
    
        pool, conn = mock_pool
        conn.fetch = AsyncMock(return_value=[_order_row(
            source_delivery_note_id=DN_ID, source_delivery_note_number=12)])
        with patch("backend.core.database.pool", pool):
            resp = await async_client.get("/sales-orders", headers={"Authorization": f"Bearer {valid_token}"})
    
        assert resp.status_code == 200
        item = resp.json()[0] if isinstance(resp.json(), list) else resp.json()["items"][0]
>       assert item["source_delivery_note_id"] == DN_ID
               ^^^^^^^^^^^^^^^^^^^^^^^^^^^^^^^
E       KeyError: 'source_delivery_note_id'

backend\tests\test_delivery_note_convert.py:725: KeyError
_____ TestSalesOrdersReadModel.test_an_order_without_a_note_has_no_origin _____

self = <backend.tests.test_delivery_note_convert.TestSalesOrdersReadModel object at 0x000001CF138F6D70>
async_client = <httpx.AsyncClient object at 0x000001CF15E96A50>
valid_token = 'eyJhbGciOiJIUzI1NiIsInR5cCI6IkpXVCJ9.eyJzdWIiOiIxMTExMTExMS0xMTExLTExMTEtMTExMS0xMTExMTExMTExMTEiLCJyb2xlIjoiYXV0aGVudGljYXRlZCIsImF1ZCI6ImF1dGhlbnRpY2F0ZWQiLCJleHAiOjE3OTEwMTY5MDd9.GlZGU7UIQZoQdN5omxmSgl-vVO4nXxVHfU-U8aigDTo'
mock_pool = (<MagicMock id='1988937814704'>, <AsyncMock id='1988937823440'>)

    async def test_an_order_without_a_note_has_no_origin(self, async_client, valid_token, mock_pool):
        from backend.tests.test_factura_fiscal_read_models import _order_row
    
        pool, conn = mock_pool
        conn.fetch = AsyncMock(return_value=[_order_row()])
        with patch("backend.core.database.pool", pool):
            resp = await async_client.get("/sales-orders", headers={"Authorization": f"Bearer {valid_token}"})
    
        item = resp.json()[0] if isinstance(resp.json(), list) else resp.json()["items"][0]
>       assert item["source_delivery_note_id"] is None and item["source_delivery_note_number"] is None
               ^^^^^^^^^^^^^^^^^^^^^^^^^^^^^^^
E       KeyError: 'source_delivery_note_id'

backend\tests\test_delivery_note_convert.py:737: KeyError
=========================== short test summary info ===========================
FAILED backend\tests\test_delivery_note_convert.py::TestConvertSchemas::test_the_minimum_is_the_revision_and_the_payment_method
FAILED backend\tests\test_delivery_note_convert.py::TestConvertSchemas::test_optional_destinations_are_carried
FAILED backend\tests\test_delivery_note_convert.py::TestConvertSchemas::test_revision_and_payment_method_are_required[expected_revision]
FAILED backend\tests\test_delivery_note_convert.py::TestConvertSchemas::test_revision_and_payment_method_are_required[payment_method_id]
FAILED backend\tests\test_delivery_note_convert.py::TestConvertSchemas::test_revision_is_at_least_one[0]
FAILED backend\tests\test_delivery_note_convert.py::TestConvertSchemas::test_revision_is_at_least_one[-1]
FAILED backend\tests\test_delivery_note_convert.py::TestConvertSchemas::test_the_branch_is_not_an_input_because_it_is_the_notes_own
FAILED backend\tests\test_delivery_note_convert.py::TestConvertSchemas::test_canal_has_the_same_cap_as_the_sale_contract
FAILED backend\tests\test_delivery_note_convert.py::TestConvertSchemas::test_out_carries_the_note_the_order_the_operation_and_the_replay_flag
FAILED backend\tests\test_delivery_note_convert.py::TestConvertSchemas::test_out_replayed_defaults_to_false
FAILED backend\tests\test_delivery_note_convert.py::TestConvertService::test_denied_roles_get_403_without_calling_the_rpc[stock]
FAILED backend\tests\test_delivery_note_convert.py::TestConvertService::test_denied_roles_get_403_without_calling_the_rpc[purchases]
FAILED backend\tests\test_delivery_note_convert.py::TestConvertService::test_denied_roles_get_403_without_calling_the_rpc[accountant]
FAILED backend\tests\test_delivery_note_convert.py::TestConvertService::test_denied_roles_get_403_without_calling_the_rpc[viewer]
FAILED backend\tests\test_delivery_note_convert.py::TestConvertService::test_allowed_roles_reach_the_rpc[cashier]
FAILED backend\tests\test_delivery_note_convert.py::TestConvertService::test_allowed_roles_reach_the_rpc[seller]
FAILED backend\tests\test_delivery_note_convert.py::TestConvertService::test_allowed_roles_reach_the_rpc[admin]
FAILED backend\tests\test_delivery_note_convert.py::TestConvertService::test_allowed_roles_reach_the_rpc[owner]
FAILED backend\tests\test_delivery_note_convert.py::TestConvertService::test_roles_are_a_set_union_not_the_first_role
FAILED backend\tests\test_delivery_note_convert.py::TestConvertService::test_the_rpc_receives_exactly_what_the_user_chose_and_nothing_else
FAILED backend\tests\test_delivery_note_convert.py::TestConvertService::test_optional_ids_travel_as_null_when_absent
FAILED backend\tests\test_delivery_note_convert.py::TestConvertService::test_the_result_adds_the_visible_number_of_the_note
FAILED backend\tests\test_delivery_note_convert.py::TestConvertService::test_a_replay_keeps_its_flag
FAILED backend\tests\test_delivery_note_convert.py::TestConvertService::test_without_a_resolved_key_it_is_a_wiring_bug_not_a_user_error
FAILED backend\tests\test_delivery_note_convert.py::TestConvertService::test_every_business_error_surfaces_as_a_stable_problem[P0409-delivery_note_changed: el remito cambi\xf3 desde que lo abriste (versi\xf3n 1 vs 2) \u2014 recargalo-409-delivery_note_changed]
FAILED backend\tests\test_delivery_note_convert.py::TestConvertService::test_every_business_error_surfaces_as_a_stable_problem[P0409-delivery_note_invalid_state: el remito est\xe1 converted y no se puede convertir-409-delivery_note_invalid_state]
FAILED backend\tests\test_delivery_note_convert.py::TestConvertService::test_every_business_error_surfaces_as_a_stable_problem[P0409-idempotency_key_conflict: la clave ya se us\xf3 para otra operaci\xf3n-409-idempotency_key_conflict]
FAILED backend\tests\test_delivery_note_convert.py::TestConvertService::test_every_business_error_surfaces_as_a_stable_problem[P0404-delivery_note_not_found: dddd-404-delivery_note_not_found]
FAILED backend\tests\test_delivery_note_convert.py::TestConvertService::test_every_business_error_surfaces_as_a_stable_problem[P0404-delivery_note_client_unavailable: el cliente del remito fue dado de baja: edit\xe1 el remito-404-delivery_note_client_unavailable]
FAILED backend\tests\test_delivery_note_convert.py::TestConvertService::test_every_business_error_surfaces_as_a_stable_problem[P0422-branch_closed: la sucursal del remito est\xe1 desactivada o cerrada \u2014 reactivala para convertir el remito-422-branch_closed]
FAILED backend\tests\test_delivery_note_convert.py::TestConvertService::test_every_business_error_surfaces_as_a_stable_problem[P0422-delivery_note_branch_inactive: la sucursal del remito R-00000012 est\xe1 desactivada o cerrada-422-delivery_note_branch_inactive]
FAILED backend\tests\test_delivery_note_convert.py::TestConvertService::test_every_business_error_surfaces_as_a_stable_problem[P0400-delivery_note_revision_required: falta la versi\xf3n del remito que se convierte-400-delivery_note_revision_required]
FAILED backend\tests\test_delivery_note_convert.py::TestConvertService::test_every_business_error_surfaces_as_a_stable_problem[P0400-payment_method_required: la conversi\xf3n exige una forma de pago del cat\xe1logo-400-payment_method_required]
FAILED backend\tests\test_delivery_note_convert.py::TestConvertService::test_every_business_error_surfaces_as_a_stable_problem[P0400-idempotency_key is required-400-idempotency_key]
FAILED backend\tests\test_delivery_note_convert.py::TestConvertService::test_every_business_error_surfaces_as_a_stable_problem[P0403-insufficient_role: tu rol no permite convertir remitos-403-insufficient_role]
FAILED backend\tests\test_delivery_note_convert.py::TestConvertService::test_every_business_error_surfaces_as_a_stable_problem[P0401-unauthorized-403-unauthorized]
FAILED backend\tests\test_delivery_note_convert.py::TestConvertService::test_every_business_error_surfaces_as_a_stable_problem[P0409-delivery_note_order_mismatch: la orden no corresponde a un remito de venta pendiente-409-delivery_note_order_mismatch]
FAILED backend\tests\test_delivery_note_convert.py::TestConvertService::test_every_business_error_surfaces_as_a_stable_problem[P0404-payment_method_not_found: x no pertenece a la cuenta o no existe-404-payment_method_not_found]
FAILED backend\tests\test_delivery_note_convert.py::TestConvertService::test_every_business_error_surfaces_as_a_stable_problem[P0404-client_not_found: cccc-404-client_not_found]
FAILED backend\tests\test_delivery_note_convert.py::TestConvertService::test_a_deadlock_is_a_409_concurrent_update_retry
FAILED backend\tests\test_delivery_note_convert.py::TestConvertService::test_an_unmapped_sqlstate_still_propagates_for_the_global_500
FAILED backend\tests\test_delivery_note_convert.py::TestConvertRepository::test_it_calls_the_rpc_with_the_agreed_argument_order_and_types
FAILED backend\tests\test_delivery_note_convert.py::TestConvertRepository::test_it_decodes_a_jsonb_returned_as_text
FAILED backend\tests\test_delivery_note_convert.py::TestConvertRepository::test_the_conversion_writes_nothing_directly
FAILED backend\tests\test_delivery_note_convert.py::TestConvertRepository::test_the_detail_derives_the_generated_sale_from_the_live_order
FAILED backend\tests\test_delivery_note_convert.py::TestConvertEndpoint::test_the_route_exists_with_post
FAILED backend\tests\test_delivery_note_convert.py::TestConvertEndpoint::test_convert_returns_200_with_the_sale_and_the_key_reaches_the_rpc
FAILED backend\tests\test_delivery_note_convert.py::TestConvertEndpoint::test_a_replay_is_200_with_replayed_true
FAILED backend\tests\test_delivery_note_convert.py::TestConvertEndpoint::test_without_idempotency_key_it_is_rejected_before_the_rpc
FAILED backend\tests\test_delivery_note_convert.py::TestConvertEndpoint::test_the_key_in_the_body_is_not_accepted
FAILED backend\tests\test_delivery_note_convert.py::TestConvertEndpoint::test_roles_over_http[stock-403]
FAILED backend\tests\test_delivery_note_convert.py::TestConvertEndpoint::test_roles_over_http[viewer-403]
FAILED backend\tests\test_delivery_note_convert.py::TestConvertEndpoint::test_roles_over_http[purchases-403]
FAILED backend\tests\test_delivery_note_convert.py::TestConvertEndpoint::test_roles_over_http[cashier-200]
FAILED backend\tests\test_delivery_note_convert.py::TestConvertEndpoint::test_roles_over_http[seller-200]
FAILED backend\tests\test_delivery_note_convert.py::TestConvertEndpoint::test_roles_over_http[admin-200]
FAILED backend\tests\test_delivery_note_convert.py::TestConvertEndpoint::test_roles_over_http[owner-200]
FAILED backend\tests\test_delivery_note_convert.py::TestConvertEndpoint::test_validation_happens_before_the_database[body0]
FAILED backend\tests\test_delivery_note_convert.py::TestConvertEndpoint::test_validation_happens_before_the_database[body1]
FAILED backend\tests\test_delivery_note_convert.py::TestConvertEndpoint::test_validation_happens_before_the_database[body2]
FAILED backend\tests\test_delivery_note_convert.py::TestConvertEndpoint::test_validation_happens_before_the_database[body3]
FAILED backend\tests\test_delivery_note_convert.py::TestConvertEndpoint::test_validation_happens_before_the_database[body4]
FAILED backend\tests\test_delivery_note_convert.py::TestConvertEndpoint::test_validation_happens_before_the_database[body5]
FAILED backend\tests\test_delivery_note_convert.py::TestConvertEndpoint::test_a_non_uuid_note_id_is_422
FAILED backend\tests\test_delivery_note_convert.py::TestConvertEndpoint::test_unauthenticated_is_401
FAILED backend\tests\test_delivery_note_convert.py::TestConvertEndpoint::test_business_errors_are_problem_json_with_the_stable_code[P0409-delivery_note_changed: el remito cambi\xf3 desde que lo abriste (versi\xf3n 1 vs 2) \u2014 recargalo-409-delivery_note_changed]
FAILED backend\tests\test_delivery_note_convert.py::TestConvertEndpoint::test_business_errors_are_problem_json_with_the_stable_code[P0409-delivery_note_invalid_state: el remito est\xe1 converted y no se puede convertir-409-delivery_note_invalid_state]
FAILED backend\tests\test_delivery_note_convert.py::TestConvertEndpoint::test_business_errors_are_problem_json_with_the_stable_code[P0409-idempotency_key_conflict: la clave ya se us\xf3 para otra operaci\xf3n-409-idempotency_key_conflict]
FAILED backend\tests\test_delivery_note_convert.py::TestConvertEndpoint::test_business_errors_are_problem_json_with_the_stable_code[P0404-delivery_note_not_found: dddd-404-delivery_note_not_found]
FAILED backend\tests\test_delivery_note_convert.py::TestConvertEndpoint::test_business_errors_are_problem_json_with_the_stable_code[P0404-delivery_note_client_unavailable: el cliente del remito fue dado de baja: edit\xe1 el remito-404-delivery_note_client_unavailable]
FAILED backend\tests\test_delivery_note_convert.py::TestConvertEndpoint::test_business_errors_are_problem_json_with_the_stable_code[P0422-branch_closed: la sucursal del remito est\xe1 desactivada o cerrada \u2014 reactivala para convertir el remito-422-branch_closed]
FAILED backend\tests\test_delivery_note_convert.py::TestConvertEndpoint::test_business_errors_are_problem_json_with_the_stable_code[P0422-delivery_note_branch_inactive: la sucursal del remito R-00000012 est\xe1 desactivada o cerrada-422-delivery_note_branch_inactive]
FAILED backend\tests\test_delivery_note_convert.py::TestConvertEndpoint::test_business_errors_are_problem_json_with_the_stable_code[P0400-delivery_note_revision_required: falta la versi\xf3n del remito que se convierte-400-delivery_note_revision_required]
FAILED backend\tests\test_delivery_note_convert.py::TestConvertEndpoint::test_business_errors_are_problem_json_with_the_stable_code[P0400-payment_method_required: la conversi\xf3n exige una forma de pago del cat\xe1logo-400-payment_method_required]
FAILED backend\tests\test_delivery_note_convert.py::TestConvertEndpoint::test_a_cash_conversion_without_an_open_session_surfaces_the_core_literal
FAILED backend\tests\test_delivery_note_convert.py::TestSalesReadModel::test_the_sales_listing_derives_the_note_with_the_account_in_the_join
FAILED backend\tests\test_delivery_note_convert.py::TestSalesReadModel::test_the_reason_for_not_editing_is_derived_from_the_origin
FAILED backend\tests\test_delivery_note_convert.py::TestSalesReadModel::test_a_sale_from_a_note_exposes_origin_and_reason
FAILED backend\tests\test_delivery_note_convert.py::TestSalesReadModel::test_a_plain_sale_invents_no_origin_and_no_reason
FAILED backend\tests\test_delivery_note_convert.py::TestSalesOrdersReadModel::test_list_orders_brings_the_number_of_the_origin_note
FAILED backend\tests\test_delivery_note_convert.py::TestSalesOrdersReadModel::test_get_order_brings_the_number_of_the_origin_note
FAILED backend\tests\test_delivery_note_convert.py::TestSalesOrdersReadModel::test_the_orders_endpoint_exposes_the_origin_note
FAILED backend\tests\test_delivery_note_convert.py::TestSalesOrdersReadModel::test_an_order_without_a_note_has_no_origin
83 failed, 24 passed in 9.04s
