
 RUN  v4.1.8 C:/Users/Usuario/Desktop/EIE/wt-remitos/frontend

 ❯ __tests__/lib/group-operations.test.ts (27 tests | 3 failed) 24ms
     × expone el remito de origen de la operación (id, número) y el motivo de no edición 11ms
     × sin origen remito: null (no undefined) 1ms
     × en una operación agrupada gana la primera fila que trae el origen y el motivo 1ms
 ❯ __tests__/components/SourceDocumentBadge.test.tsx (0 test)
 ❯ __tests__/hooks/use-sales-source-delivery-note.test.ts (3 tests | 3 failed) 290ms
     × una venta nacida de un remito trae su id, su número y el motivo de no edición 125ms
     × una venta suelta no tiene origen remito ni motivo (null, no undefined) 80ms
     × el origen remito no pisa al origen presupuesto: son independientes 79ms
 ❯ __tests__/components/delete-operation-dialog.test.tsx (22 tests | 3 failed) 848ms
     × con remito de origen suma la línea de D9 en `notes`, NO en las compensaciones 8ms
     × un remito de origen sin número igual avisa, sin inventar uno 1ms
     × el diálogo muestra la nota de D9 aparte de la lista de compensaciones 80ms
 ❯ __tests__/components/sale-operations-list-source-delivery-note.test.tsx (13 tests | 8 failed) 2156ms
     × una venta nacida de un remito muestra 'Desde remito R-00000007' con enlace a él 646ms
     × en escritorio el badge va en su propia línea, fuera de la celda que trunca el nombre del producto 102ms
     × el enlace del badge no expande ni colapsa la fila 259ms
     × queda deshabilitado con el motivo, el número del remito y la salida 74ms
     × el motivo también es el nombre accesible del botón deshabilitado 295ms
     × PRIORIDAD: gana al bloqueo de pago, porque el servidor lo evalúa primero 72ms
     × un token de motivo desconocido también bloquea (fail-closed), con un texto genérico 96ms
     × el borrado sigue disponible y el diálogo avisa que el stock no vuelve y que el remito queda pendiente 145ms

⎯⎯⎯⎯⎯⎯ Failed Suites 1 ⎯⎯⎯⎯⎯⎯⎯

 FAIL  __tests__/components/SourceDocumentBadge.test.tsx [ __tests__/components/SourceDocumentBadge.test.tsx ]
Error: Failed to resolve import "@/components/ventas/SourceDocumentBadge" from "__tests__/components/SourceDocumentBadge.test.tsx". Does the file exist?
  Plugin: vite:import-analysis
  File: C:/Users/Usuario/Desktop/EIE/wt-remitos/frontend/__tests__/components/SourceDocumentBadge.test.tsx:13:36
  11 |  import { render, screen, fireEvent } from "@testing-library/react";
  12 |  import "@testing-library/jest-dom";
  13 |  import { SourceDocumentBadge } from "@/components/ventas/SourceDocumentBadge";
     |                                       ^
  14 |  var _jsxFileName = "C:/Users/Usuario/Desktop/EIE/wt-remitos/frontend/__tests__/components/SourceDocumentBadge.test.tsx";
  15 |  import { jsxDEV as _jsxDEV } from "react/jsx-dev-runtime";
 ❯ TransformPluginContext._formatLog ../node_modules/.pnpm/vite@8.0.16_@types+node@22.19.3_jiti@1.21.7/node_modules/vite/dist/node/chunks/node.js:30602:39
 ❯ TransformPluginContext.error ../node_modules/.pnpm/vite@8.0.16_@types+node@22.19.3_jiti@1.21.7/node_modules/vite/dist/node/chunks/node.js:30599:14
 ❯ normalizeUrl ../node_modules/.pnpm/vite@8.0.16_@types+node@22.19.3_jiti@1.21.7/node_modules/vite/dist/node/chunks/node.js:27842:18
 ❯ ../node_modules/.pnpm/vite@8.0.16_@types+node@22.19.3_jiti@1.21.7/node_modules/vite/dist/node/chunks/node.js:27905:30
 ❯ TransformPluginContext.transform ../node_modules/.pnpm/vite@8.0.16_@types+node@22.19.3_jiti@1.21.7/node_modules/vite/dist/node/chunks/node.js:27873:4
 ❯ EnvironmentPluginContainer.transform ../node_modules/.pnpm/vite@8.0.16_@types+node@22.19.3_jiti@1.21.7/node_modules/vite/dist/node/chunks/node.js:30387:14
 ❯ loadAndTransform ../node_modules/.pnpm/vite@8.0.16_@types+node@22.19.3_jiti@1.21.7/node_modules/vite/dist/node/chunks/node.js:24646:26

⎯⎯⎯⎯⎯⎯⎯⎯⎯⎯⎯⎯⎯⎯⎯⎯⎯⎯⎯⎯⎯⎯⎯[1/18]⎯


⎯⎯⎯⎯⎯⎯ Failed Tests 17 ⎯⎯⎯⎯⎯⎯⎯

 FAIL  __tests__/components/delete-operation-dialog.test.tsx > getDeleteCompensation — venta nacida de un remito (remitos-venta D9) > con remito de origen suma la línea de D9 en `notes`, NO en las compensaciones
AssertionError: Target cannot be null or undefined.
 ❯ __tests__/components/delete-operation-dialog.test.tsx:197:24
    195|     const info = getDeleteCompensation({ sourceDeliveryNoteId: "dn-3",…
    196|     expect(info.deletable).toBe(true)
    197|     expect(info.notes).toHaveLength(1)
       |                        ^
    198|     expect(info.notes?.[0]).toMatch(LINE)
    199|     expect(info.compensations).toHaveLength(1)

⎯⎯⎯⎯⎯⎯⎯⎯⎯⎯⎯⎯⎯⎯⎯⎯⎯⎯⎯⎯⎯⎯⎯[2/18]⎯

 FAIL  __tests__/components/delete-operation-dialog.test.tsx > getDeleteCompensation — venta nacida de un remito (remitos-venta D9) > un remito de origen sin número igual avisa, sin inventar uno
TypeError: .toMatch() expects to receive a string, but got undefined
 ❯ __tests__/components/delete-operation-dialog.test.tsx:210:29
    208|   it("un remito de origen sin número igual avisa, sin inventar uno", (…
    209|     const info = getDeleteCompensation({ sourceDeliveryNoteId: "dn-old…
    210|     expect(info.notes?.[0]).toMatch(/quedó entregada con el remito, qu…
       |                             ^
    211|   })
    212|

⎯⎯⎯⎯⎯⎯⎯⎯⎯⎯⎯⎯⎯⎯⎯⎯⎯⎯⎯⎯⎯⎯⎯[3/18]⎯

 FAIL  __tests__/components/delete-operation-dialog.test.tsx > DeleteOperationDialog — nota del remito de origen > el diálogo muestra la nota de D9 aparte de la lista de compensaciones
TestingLibraryElementError: Unable to find an element with the text: /el stock no vuelve: la mercadería quedó entregada con el remito R-00000007/i. This could be because the text is broken up by multiple elements. In this case, you can provide a function for your text matcher to make your matcher more flexible.

Ignored nodes: comments, script, style
[36m<body[39m
  [33mdata-scroll-locked[39m=[32m"1"[39m
  [33mstyle[39m=[32m"pointer-events: none;"[39m
[36m>[39m
  [36m<span[39m
    [33maria-hidden[39m=[32m"true"[39m
    [33mdata-aria-hidden[39m=[32m"true"[39m
    [33mdata-radix-focus-guard[39m=[32m""[39m
    [33mstyle[39m=[32m"outline: none; opacity: 0; position: fixed; pointer-events: none;"[39m
    [33mtabindex[39m=[32m"0"[39m
  [36m/>[39m
  [36m<div[39m
    [33maria-hidden[39m=[32m"true"[39m
    [33mdata-aria-hidden[39m=[32m"true"[39m
  [36m>[39m
    [36m<button[39m
      [33maria-controls[39m=[32m"radix-_r_9_"[39m
      [33maria-expanded[39m=[32m"true"[39m
      [33maria-haspopup[39m=[32m"dialog"[39m
      [33maria-label[39m=[32m"Eliminar esta venta"[39m
      [33mclass[39m=[32m"inline-flex items-center justify-center gap-2 whitespace-nowrap rounded-md text-sm font-medium ring-offset-background transition-colors duration-base ease-standard focus-visible:outline-none focus-visible:ring-2 focus-visible:ring-ring focus-visible:ring-offset-2 disabled:pointer-events-none disabled:opacity-50 [&_svg]:pointer-events-none [&_svg]:size-4 [&_svg]:shrink-0 md:h-10 md:w-10 h-8 w-8 text-muted-foreground hover:text-destructive hover:bg-destructive/10"[39m
      [33mdata-state[39m=[32m"open"[39m
      [33mdata-testid[39m=[32m"delete-operation-trigger"[39m
      [33mtype[39m=[32m"button"[39m
    [36m>[39m
      [36m<svg[39m
        [33maria-hidden[39m=[32m"true"[39m
        [33mclass[39m=[32m"lucide lucide-trash2 lucide-trash-2 h-3.5 w-3.5"[39m
        [33mfill[39m=[32m"none"[39m
        [33mheight[39m=[32m"24"[39m
        [33mstroke[39m=[32m"currentColor"[39m
        [33mstroke-linecap[39m=[32m"round"[39m
        [33mstroke-linejoin[39m=[32m"round"[39m
        [33mstroke-width[39m=[32m"2"[39m
        [33mviewBox[39m=[32m"0 0 24 24"[39m
        [33mwidth[39m=[32m"24"[39m
        [33mxmlns[39m=[32m"http://www.w3.org/2000/svg"[39m
      [36m>[39m
        [36m<path[39m
          [33md[39m=[32m"M10 11v6"[39m
        [36m/>[39m
        [36m<path[39m
          [33md[39m=[32m"M14 11v6"[39m
        [36m/>[39m
        [36m<path[39m
          [33md[39m=[32m"M19 6v14a2 2 0 0 1-2 2H7a2 2 0 0 1-2-2V6"[39m
        [36m/>[39m
        [36m<path[39m
          [33md[39m=[32m"M3 6h18"[39m
        [36m/>[39m
        [36m<path[39m
          [33md[39m=[32m"M8 6V4a2 2 0 0 1 2-2h4a2 2 0 0 1 2 2v2"[39m
        [36m/>[39m
      [36m</svg>[39m
    [36m</button>[39m
  [36m</div>[39m
  [36m<div[39m
    [33maria-hidden[39m=[32m"true"[39m
    [33mclass[39m=[32m"fixed inset-0 z-50 bg-black/80 data-[state=open]:animate-in data-[state=closed]:animate-out data-[state=closed]:fade-out-0 data-[state=open]:fade-in-0"[39m
    [33mdata-aria-hidden[39m=[32m"true"[39m
    [33mdata-state[39m=[32m"open"[39m
    [33mstyle[39m=[32m"pointer-events: auto;"[39m
  [36m/>[39m
  [36m<div[39m
    [33maria-describedby[39m=[32m"radix-_r_b_"[39m
    [33maria-labelledby[39m=[32m"radix-_r_a_"[39m
    [33mclass[39m=[32m"fixed left-[50%] top-[50%] z-50 grid w-full max-w-lg translate-x-[-50%] translate-y-[-50%] gap-4 border p-6 shadow-lg duration-200 data-[state=open]:animate-in data-[state=closed]:animate-out data-[state=closed]:fade-out-0 data-[state=open]:fade-in-0 data-[state=closed]:zoom-out-95 data-[state=open]:zoom-in-95 data-[state=closed]:slide-out-to-left-1/2 data-[state=closed]:slide-out-to-top-[48%] data-[state=open]:slide-in-from-left-1/2 data-[state=open]:slide-in-from-top-[48%] sm:rounded-lg bg-card border-border"[39m
    [33mdata-scanner-modal[39m=[32m""[39m
    [33mdata-state[39m=[32m"open"[39m
    [33mid[39m=[32m"radix-_r_9_"[39m
    [33mrole[39m=[32m"alertdialog"[39m
    [33mstyle[39m=[32m"pointer-events: auto;"[39m
    [33mtabindex[39m=[32m"-1"[39m
  [36m>[39m
    [36m<div[39m
      [33mclass[39m=[32m"flex flex-col space-y-2 text-center sm:text-left"[39m
    [36m>[39m
      [36m<h2[39m
        [33mclass[39m=[32m"text-lg font-semibold text-card-foreground"[39m
        [33mid[39m=[32m"radix-_r_a_"[39m
      [36m>[39m
        [0m¿[0m
        [0mEliminar[0m
        [0m [0m
        [0mesta venta[0m
        [0m?[0m
      [36m</h2>[39m
      [36m<div[39m
        [33mclass[39m=[32m"text-sm text-muted-foreground space-y-2 text-sm text-muted-foreground"[39m
        [33mid[39m=[32m"radix-_r_b_"[39m
      [36m>[39m
        [36m<p>[39m
          [0mEsta acción no se puede deshacer.[0m
        [36m</p>[39m
        [36m<div[39m
          [33mclass[39m=[32m"rounded-md border border-border bg-accent/30 p-3"[39m
        [36m>[39m
          [36m<p[39m
            [33mclass[39m=[32m"mb-1.5 font-medium text-foreground"[39m
          [36m>[39m
            [0mSe va a compensar:[0m
          [36m</p>[39m
          [36m<ul[39m
            [33mclass[39m=[32m"list-disc space-y-1 pl-4"[39m
          [36m>[39m
            [36m<li>[39m
              [0mSe revertirá el cargo registrado en la cuenta corriente del cliente.[0m
            [36m</li>[39m
          [36m</ul>[39m
        [36m</div>[39m
      [36m</div>[39m
    [36m</div>[39m
    [36m<div[39m
      [33mclass[39m=[32m"flex flex-col-reverse sm:flex-row sm:justify-end sm:space-x-2"[39m
    [36m>[39m
      [36m<button[39m
        [33mclass[39m=[32m"inline-flex items-center justify-center gap-2 whitespace-nowrap rounded-md text-sm font-medium ring-offset-background transition-colors duration-base ease-standard focus-visible:outline-none focus-visible:ring-2 focus-visible:ring-ring focus-visible:ring-offset-2 disabled:pointer-events-none disabled:opacity-50 [&_svg]:pointer-events-none [&_svg]:size-4 [&_svg]:shrink-0 border bg-background hover:bg-accent hover:text-accent-foreground h-11 px-4 py-2 md:h-10 mt-2 sm:mt-0 border-border text-foreground"[39m
        [33mtype[39m=[32m"button"[39m
      [36m>[39m
        [0mCancelar[0m
      [36m</button>[39m
      [36m<button[39m
        [33mclass[39m=[32m"inline-flex items-center justify-center gap-2 whitespace-nowrap rounded-md text-sm font-medium ring-offset-background transition-colors duration-base ease-standard focus-visible:outline-none focus-visible:ring-2 focus-visible:ring-ring focus-visible:ring-offset-2 disabled:pointer-events-none disabled:opacity-50 [&_svg]:pointer-events-none [&_svg]:size-4 [&_svg]:shrink-0 h-11 px-4 py-2 md:h-10 bg-destructive text-destructive-foreground hover:bg-destructive/90"[39m
        [33mtype[39m=[32m"button"[39m
      [36m>[39m
        [0mEliminar[0m
      [36m</button>[39m
    [36m</div>[39m
  [36m</div>[39m
  [36m<span[39m
    [33maria-hidden[39m=[32m"true"[39m
    [33mdata-aria-hidden[39m=[32m"true"[39m
    [33mdata-radix-focus-guard[39m=[32m""[39m
    [33mstyle[39m=[32m"outline: none; opacity: 0; position: fixed; pointer-events: none;"[39m
    [33mtabindex[39m=[32m"0"[39m
  [36m/>[39m
[36m</body>[39m
 ❯ Object.getElementError ../node_modules/.pnpm/@testing-library+dom@10.4.1/node_modules/@testing-library/dom/dist/config.js:37:19
 ❯ ../node_modules/.pnpm/@testing-library+dom@10.4.1/node_modules/@testing-library/dom/dist/query-helpers.js:76:38
 ❯ ../node_modules/.pnpm/@testing-library+dom@10.4.1/node_modules/@testing-library/dom/dist/query-helpers.js:52:17
 ❯ ../node_modules/.pnpm/@testing-library+dom@10.4.1/node_modules/@testing-library/dom/dist/query-helpers.js:95:19
 ❯ __tests__/components/delete-operation-dialog.test.tsx:231:19
    229|     )
    230|     fireEvent.click(screen.getByTestId("delete-operation-trigger"))
    231|     expect(screen.getByText(/el stock no vuelve: la mercadería quedó e…
       |                   ^
    232|     expect(screen.getByText("Se va a compensar:")).toBeInTheDocument()
    233|   })

⎯⎯⎯⎯⎯⎯⎯⎯⎯⎯⎯⎯⎯⎯⎯⎯⎯⎯⎯⎯⎯⎯⎯[4/18]⎯

 FAIL  __tests__/components/sale-operations-list-source-delivery-note.test.tsx > SaleOperationsList — badge 'Desde remito' > una venta nacida de un remito muestra 'Desde remito R-00000007' con enlace a él
TestingLibraryElementError: Unable to find an accessible element with the role "link" and name "Desde remito R-00000007"

Here are the accessible roles:

  textbox:

  Name "":
  [36m<input[39m
    [33mclass[39m=[32m"flex h-11 md:h-10 w-full rounded-md border px-3 py-2 text-base ring-offset-background transition-colors duration-base ease-standard file:border-0 file:bg-transparent file:text-sm file:font-medium file:text-foreground placeholder:text-muted-foreground focus-visible:outline-none focus-visible:ring-2 focus-visible:ring-ring focus-visible:ring-offset-2 disabled:cursor-not-allowed disabled:opacity-50 md:text-sm pl-9 bg-background border-border text-foreground"[39m
    [33mplaceholder[39m=[32m"Buscar en esta página..."[39m
    [33mvalue[39m=[32m""[39m
  [36m/>[39m

  --------------------------------------------------
  button:

  Name "Filtrar fechas":
  [36m<button[39m
    [33maria-controls[39m=[32m"radix-_r_0_"[39m
    [33maria-expanded[39m=[32m"false"[39m
    [33maria-haspopup[39m=[32m"dialog"[39m
    [33mclass[39m=[32m"inline-flex items-center justify-center gap-2 whitespace-nowrap text-sm font-medium ring-offset-background transition-colors duration-base ease-standard focus-visible:outline-none focus-visible:ring-2 focus-visible:ring-ring focus-visible:ring-offset-2 disabled:pointer-events-none disabled:opacity-50 [&_svg]:pointer-events-none [&_svg]:size-4 [&_svg]:shrink-0 border bg-background hover:bg-accent hover:text-accent-foreground h-10 rounded-md px-3 md:h-9 shrink-0 border-border text-foreground"[39m
    [33mdata-state[39m=[32m"closed"[39m
    [33mtype[39m=[32m"button"[39m
  [36m/>[39m

  Name "Exportar":
  [36m<button[39m
    [33mclass[39m=[32m"inline-flex items-center justify-center gap-2 whitespace-nowrap text-sm font-medium ring-offset-background transition-colors duration-base ease-standard focus-visible:outline-none focus-visible:ring-2 focus-visible:ring-ring focus-visible:ring-offset-2 disabled:pointer-events-none disabled:opacity-50 [&_svg]:pointer-events-none [&_svg]:size-4 [&_svg]:shrink-0 border bg-background hover:bg-accent hover:text-accent-foreground h-10 rounded-md px-3 md:h-9 border-border text-foreground"[39m
  [36m/>[39m

  Name "02/10/2026 Remera Ana Pérez$ 100 Sin especificar 02/10/2026 Remera Sin especificar Ana Pérez 1 $ 100":
  [36m<div[39m
    [33maria-expanded[39m=[32m"false"[39m
    [33mclass[39m=[32m"cursor-pointer hover:bg-accent/20 transition-colors group"[39m
    [33mrole[39m=[32m"button"[39m
    [33mtabindex[39m=[32m"0"[39m
  [36m/>[39m

  Name "Editar esta venta":
  [36m<button[39m
    [33maria-label[39m=[32m"Editar esta venta"[39m
    [33mclass[39m=[32m"inline-flex items-center justify-center gap-2 whitespace-nowrap rounded-md text-sm font-medium ring-offset-background transition-colors duration-base ease-standard focus-visible:outline-none focus-visible:ring-2 focus-visible:ring-ring focus-visible:ring-offset-2 disabled:pointer-events-none disabled:opacity-50 [&_svg]:pointer-events-none [&_svg]:size-4 [&_svg]:shrink-0 md:h-10 md:w-10 h-8 w-8 text-muted-foreground hover:text-primary hover:bg-primary/10"[39m
    [33mtype[39m=[32m"button"[39m
  [36m/>[39m

  Name "Eliminar esta venta":
  [36m<button[39m
    [33maria-controls[39m=[32m"radix-_r_1_"[39m
    [33maria-expanded[39m=[32m"false"[39m
    [33maria-haspopup[39m=[32m"dialog"[39m
    [33maria-label[39m=[32m"Eliminar esta venta"[39m
    [33mclass[39m=[32m"inline-flex items-center justify-center gap-2 whitespace-nowrap rounded-md text-sm font-medium ring-offset-background transition-colors duration-base ease-standard focus-visible:outline-none focus-visible:ring-2 focus-visible:ring-ring focus-visible:ring-offset-2 disabled:pointer-events-none disabled:opacity-50 [&_svg]:pointer-events-none [&_svg]:size-4 [&_svg]:shrink-0 md:h-10 md:w-10 h-8 w-8 text-muted-foreground hover:text-destructive hover:bg-destructive/10"[39m
    [33mdata-state[39m=[32m"closed"[39m
    [33mdata-testid[39m=[32m"delete-operation-trigger"[39m
    [33mtype[39m=[32m"button"[39m
  [36m/>[39m

  Name "Editar esta venta":
  [36m<button[39m
    [33maria-label[39m=[32m"Editar esta venta"[39m
    [33mclass[39m=[32m"inline-flex items-center justify-center gap-2 whitespace-nowrap rounded-md text-sm font-medium ring-offset-background transition-colors duration-base ease-standard focus-visible:outline-none focus-visible:ring-2 focus-visible:ring-ring focus-visible:ring-offset-2 disabled:pointer-events-none disabled:opacity-50 [&_svg]:pointer-events-none [&_svg]:size-4 [&_svg]:shrink-0 md:h-10 md:w-10 h-8 w-8 text-muted-foreground hover:text-primary hover:bg-primary/10"[39m
    [33mtype[39m=[32m"button"[39m
  [36m/>[39m

  Name "Eliminar esta venta":
  [36m<button[39m
    [33maria-controls[39m=[32m"radix-_r_4_"[39m
    [33maria-expanded[39m=[32m"false"[39m
    [33maria-haspopup[39m=[32m"dialog"[39m
    [33maria-label[39m=[32m"Eliminar esta venta"[39m
    [33mclass[39m=[32m"inline-flex items-center justify-center gap-2 whitespace-nowrap rounded-md text-sm font-medium ring-offset-background transition-colors duration-base ease-standard focus-visible:outline-none focus-visible:ring-2 focus-visible:ring-ring focus-visible:ring-offset-2 disabled:pointer-events-none disabled:opacity-50 [&_svg]:pointer-events-none [&_svg]:size-4 [&_svg]:shrink-0 md:h-10 md:w-10 h-8 w-8 text-muted-foreground hover:text-destructive hover:bg-destructive/10"[39m
    [33mdata-state[39m=[32m"closed"[39m
    [33mdata-testid[39m=[32m"delete-operation-trigger"[39m
    [33mtype[39m=[32m"button"[39m
  [36m/>[39m

  Name "Primera página":
  [36m<button[39m
    [33maria-label[39m=[32m"Primera página"[39m
    [33mclass[39m=[32m"inline-flex items-center justify-center gap-2 whitespace-nowrap rounded-md text-sm font-medium ring-offset-background transition-colors duration-base ease-standard focus-visible:outline-none focus-visible:ring-2 focus-visible:ring-ring focus-visible:ring-offset-2 disabled:pointer-events-none disabled:opacity-50 [&_svg]:pointer-events-none [&_svg]:size-4 [&_svg]:shrink-0 border bg-background hover:bg-accent hover:text-accent-foreground md:h-10 md:w-10 h-7 w-7 border-border"[39m
    [33mdisabled[39m=[32m""[39m
  [36m/>[39m

  Name "Página anterior":
  [36m<button[39m
    [33maria-label[39m=[32m"Página anterior"[39m
    [33mclass[39m=[32m"inline-flex items-center justify-center gap-2 whitespace-nowrap rounded-md text-sm font-medium ring-offset-background transition-colors duration-base ease-standard focus-visible:outline-none focus-visible:ring-2 focus-visible:ring-ring focus-visible:ring-offset-2 disabled:pointer-events-none disabled:opacity-50 [&_svg]:pointer-events-none [&_svg]:size-4 [&_svg]:shrink-0 border bg-background hover:bg-accent hover:text-accent-foreground md:h-10 md:w-10 h-7 w-7 border-border"[39m
    [33mdisabled[39m=[32m""[39m
  [36m/>[39m

  Name "Página siguiente":
  [36m<button[39m
    [33maria-label[39m=[32m"Página siguiente"[39m
    [33mclass[39m=[32m"inline-flex items-center justify-center gap-2 whitespace-nowrap rounded-md text-sm font-medium ring-offset-background transition-colors duration-base ease-standard focus-visible:outline-none focus-visible:ring-2 focus-visible:ring-ring focus-visible:ring-offset-2 disabled:pointer-events-none disabled:opacity-50 [&_svg]:pointer-events-none [&_svg]:size-4 [&_svg]:shrink-0 border bg-background hover:bg-accent hover:text-accent-foreground md:h-10 md:w-10 h-7 w-7 border-border"[39m
    [33mdisabled[39m=[32m""[39m
  [36m/>[39m

  Name "Última página":
  [36m<button[39m
    [33maria-label[39m=[32m"Última página"[39m
    [33mclass[39m=[32m"inline-flex items-center justify-center gap-2 whitespace-nowrap rounded-md text-sm font-medium ring-offset-background transition-colors duration-base ease-standard focus-visible:outline-none focus-visible:ring-2 focus-visible:ring-ring focus-visible:ring-offset-2 disabled:pointer-events-none disabled:opacity-50 [&_svg]:pointer-events-none [&_svg]:size-4 [&_svg]:shrink-0 border bg-background hover:bg-accent hover:text-accent-foreground md:h-10 md:w-10 h-7 w-7 border-border"[39m
    [33mdisabled[39m=[32m""[39m
  [36m/>[39m

  --------------------------------------------------
  combobox:

  Name "":
  [36m<button[39m
    [33maria-autocomplete[39m=[32m"none"[39m
    [33maria-controls[39m=[32m"radix-_r_7_"[39m
    [33maria-expanded[39m=[32m"false"[39m
    [33mclass[39m=[32m"flex md:h-10 items-center justify-between rounded-md border py-2 ring-offset-background placeholder:text-muted-foreground focus:outline-none focus:ring-2 focus:ring-ring focus:ring-offset-2 disabled:cursor-not-allowed disabled:opacity-50 [&>span]:line-clamp-1 h-7 w-[4.5rem] text-xs border-border bg-background px-2"[39m
    [33mdata-state[39m=[32m"closed"[39m
    [33mdir[39m=[32m"ltr"[39m
    [33mrole[39m=[32m"combobox"[39m
    [33mtype[39m=[32m"button"[39m
  [36m/>[39m

  --------------------------------------------------

Ignored nodes: comments, script, style
[36m<body>[39m
  [36m<div>[39m
    [36m<div[39m
      [33mclass[39m=[32m"flex flex-col gap-4"[39m
    [36m>[39m
      [36m<div[39m
        [33mclass[39m=[32m"flex flex-col gap-3 lg:flex-row lg:flex-wrap lg:items-center lg:justify-between"[39m
        [33mdata-testid[39m=[32m"filters-bar"[39m
      [36m>[39m
        [36m<div[39m
          [33mclass[39m=[32m"flex flex-col gap-2 sm:flex-row sm:flex-wrap sm:items-center sm:gap-3"[39m
          [33mdata-testid[39m=[32m"filters-group"[39m
        [36m>[39m
          [36m<div[39m
            [33mclass[39m=[32m"relative w-full sm:w-64"[39m
          [36m>[39m
            [36m<svg[39m
              [33maria-hidden[39m=[32m"true"[39m
              [33mclass[39m=[32m"lucide lucide-search absolute left-3 top-1/2 -translate-y-1/2 h-4 w-4 text-muted-foreground pointer-events-none"[39m
              [33mfill[39m=[32m"none"[39m
              [33mheight[39m=[32m"24"[39m
              [33mstroke[39m=[32m"currentColor"[39m
              [33mstroke-linecap[39m=[32m"round"[39m
              [33mstroke-linejoin[39m=[32m"round"[39m
              [33mstroke-width[39m=[32m"2"[39m
              [33mviewBox[39m=[32m"0 0 24 24"[39m
              [33mwidth[39m=[32m"24"[39m
              [33mxmlns[39m=[32m"http://www.w3.org/2000/svg"[39m
            [36m>[39m
              [36m<path[39m
                [33md[39m=[32m"m21 21-4.34-4.34"[39m
              [36m/>[39m
              [36m<circle[39m
                [33mcx[39m=[32m"11"[39m
                [33mcy[39m=[32m"11"[39m
                [33mr[39m=[32m"8"[39m
              [36m/>[39m
            [36m</svg>[39m
            [36m<input[39m
              [33mclass[39m=[32m"flex h-11 md:h-10 w-full rounded-md border px-3 py-2 text-base ring-offset-background transition-colors duration-base ease-standard file:border-0 file:bg-transparent file:text-sm file:font-medium file:text-foreground placeholder:text-muted-foreground focus-visible:outline-none focus-visible:ring-2 focus-visible:ring-ring focus-visible:ring-offset-2 disabled:cursor-not-allowed disabled:opacity-50 md:text-sm pl-9 bg-background border-border text-foreground"[39m
              [33mplaceholder[39m=[32m"Buscar en esta página..."[39m
              [33mvalue[39m=[32m""[39m
            [36m/>[39m
          [36m</div>[39m
          [36m<button[39m
            [33maria-controls[39m=[32m"radix-_r_0_"[39m
            [33maria-expanded[39m=[32m"false"[39m
            [33maria-haspopup[39m=[32m"dialog"[39m
            [33mclass[39m=[32m"inline-flex items-center justify-center gap-2 whitespace-nowrap text-sm font-medium ring-offset-background transition-colors duration-base ease-standard focus-visible:outline-none focus-visible:ring-2 focus-visible:ring-ring focus-visible:ring-offset-2 disabled:pointer-events-none disabled:opacity-50 [&_svg]:pointer-events-none [&_svg]:size-4 [&_svg]:shrink-0 border bg-background hover:bg-accent hover:text-accent-foreground h-10 rounded-md px-3 md:h-9 shrink-0 border-border text-foreground"[39m
            [33mdata-state[39m=[32m"closed"[39m
            [33mtype[39m=[32m"button"[39m
          [36m>[39m
            [36m<svg[39m
              [33maria-hidden[39m=[32m"true"[39m
              [33mclass[39m=[32m"lucide lucide-calendar-days h-4 w-4 mr-1"[39m
              [33mfill[39m=[32m"none"[39m
              [33mheight[39m=[32m"24"[39m
              [33mstroke[39m=[32m"currentColor"[39m
              [33mstroke-linecap[39m=[32m"round"[39m
              [33mstroke-linejoin[39m=[32m"round"[39m
              [33mstroke-width[39m=[32m"2"[39m
              [33mviewBox[39m=[32m"0 0 24 24"[39m
              [33mwidth[39m=[32m"24"[39m
              [33mxmlns[39m=[32m"http://www.w3.org/2000/svg"[39m
            [36m>[39m
              [36m<path[39m
                [33md[39m=[32m"M8 2v4"[39m
              [36m/>[39m
              [36m<path[39m
                [33md[39m=[32m"M16 2v4"[39m
              [36m/>[39m
              [36m<rect[39m
                [33mheight[39m=[32m"18"[39m
                [33mrx[39m=[32m"2"[39m
                [33mwidth[39m=[32m"18"[39m
                [33mx[39m=[32m"3"[39m
                [33my[39m=[32m"4"[39m
              [36m/>[39m
              [36m<path[39m
                [33md[39m=[32m"M3 10h18"[39m
              [36m/>[39m
              [36m<path[39m
                [33md[39m=[32m"M8 14h.01"[39m
              [36m/>[39m
              [36m<path[39m
                [33md[39m=[32m"M12 14h.01"[39m
              [36m/>[39m
              [36m<path[39m
                [33md[39m=[32m"M16 14h.01"[39m
              [36m/>[39m
              [36m<path[39m
                [33md[39m=[32m"M8 18h.01"[39m
              [36m/>[39m
              [36m<path[39m
                [33md[39m=[32m"M12 18h.01"[39m
              [36m/>[39m
              [36m<path[39m
                [33md[39m=[32m"M16 18h.01"[39m
              [36m/>[39m
            [36m</svg>[39m
            [0mFiltrar fechas[0m
          [36m</button>[39m
          [36m<div[39m
            [33mclass[39m=[32m"w-full sm:w-56"[39m
          [36m/>[39m
        [36m</div>[39m
        [36m<div[39m
          [33mclass[39m=[32m"flex items-center gap-2 flex-wrap"[39m
        [36m>[39m
          [36m<span[39m
            [33mclass[39m=[32m"text-sm text-muted-foreground tabular-nums mr-auto lg:mr-0"[39m
          [36m>[39m
            [0m1 operación[0m
          [36m</span>[39m
          [36m<button[39m
            [33mclass[39m=[32m"inline-flex items-center justify-center gap-2 whitespace-nowrap text-sm font-medium ring-offset-background transition-colors duration-base ease-standard focus-visible:outline-none focus-visible:ring-2 focus-visible:ring-ring focus-visible:ring-offset-2 disabled:pointer-events-none disabled:opacity-50 [&_svg]:pointer-events-none [&_svg]:size-4 [&_svg]:shrink-0 border bg-background hover:bg-accent hover:text-accent-foreground h-10 rounded-md px-3 md:h-9 border-border text-foreground"[39m
          [36m>[39m
            [36m<svg[39m
              [33maria-hidden[39m=[32m"true"[39m
              [33mclass[39m=[32m"lucide lucide-download h-4 w-4 mr-1"[39m
              [33mfill[39m=[32m"none"[39m
              [33mheight[39m=[32m"24"[39m
              [33mstroke[39m=[32m"currentColor"[39m
              [33mstroke-linecap[39m=[32m"round"[39m
              [33mstroke-linejoin[39m=[32m"round"[39m
              [33mstroke-width[39m=[32m"2"[39m
              [33mviewBox[39m=[32m"0 0 24 24"[39m
              [33mwidth[39m=[32m"24"[39m
              [33mxmlns[39m=[32m"http://www.w3.org/2000/svg"[39m
            [36m>[39m
              [36m<path[39m
  ...
 ❯ Object.getElementError ../node_modules/.pnpm/@testing-library+dom@10.4.1/node_modules/@testing-library/dom/dist/config.js:37:19
 ❯ ../node_modules/.pnpm/@testing-library+dom@10.4.1/node_modules/@testing-library/dom/dist/query-helpers.js:76:38
 ❯ ../node_modules/.pnpm/@testing-library+dom@10.4.1/node_modules/@testing-library/dom/dist/query-helpers.js:109:15
 ❯ __tests__/components/sale-operations-list-source-delivery-note.test.tsx:74:26
     72|   it("una venta nacida de un remito muestra 'Desde remito R-00000007' …
     73|     render(<SaleOperationsList {...baseProps([makeSale(FROM_REMITO)])}…
     74|     const links = screen.getAllByRole("link", { name: "Desde remito R-…
       |                          ^
     75|     expect(links.length).toBeGreaterThan(0)
     76|     for (const link of links) expect(link).toHaveAttribute("href", "/r…

⎯⎯⎯⎯⎯⎯⎯⎯⎯⎯⎯⎯⎯⎯⎯⎯⎯⎯⎯⎯⎯⎯⎯[5/18]⎯

 FAIL  __tests__/components/sale-operations-list-source-delivery-note.test.tsx > SaleOperationsList — badge 'Desde remito' > en escritorio el badge va en su propia línea, fuera de la celda que trunca el nombre del producto
TestingLibraryElementError: Unable to find an accessible element with the role "link" and name `/desde remito r-00000007/i`

Here are the accessible roles:

  button:

  Name "Editar esta venta":
  [36m<button[39m
    [33maria-label[39m=[32m"Editar esta venta"[39m
    [33mclass[39m=[32m"inline-flex items-center justify-center gap-2 whitespace-nowrap rounded-md text-sm font-medium ring-offset-background transition-colors duration-base ease-standard focus-visible:outline-none focus-visible:ring-2 focus-visible:ring-ring focus-visible:ring-offset-2 disabled:pointer-events-none disabled:opacity-50 [&_svg]:pointer-events-none [&_svg]:size-4 [&_svg]:shrink-0 md:h-10 md:w-10 h-8 w-8 text-muted-foreground hover:text-primary hover:bg-primary/10"[39m
    [33mtype[39m=[32m"button"[39m
  [36m/>[39m

  --------------------------------------------------button:

  Name "Eliminar esta venta":
  [36m<button[39m
    [33maria-controls[39m=[32m"radix-_r_18_"[39m
    [33maria-expanded[39m=[32m"false"[39m
    [33maria-haspopup[39m=[32m"dialog"[39m
    [33maria-label[39m=[32m"Eliminar esta venta"[39m
    [33mclass[39m=[32m"inline-flex items-center justify-center gap-2 whitespace-nowrap rounded-md text-sm font-medium ring-offset-background transition-colors duration-base ease-standard focus-visible:outline-none focus-visible:ring-2 focus-visible:ring-ring focus-visible:ring-offset-2 disabled:pointer-events-none disabled:opacity-50 [&_svg]:pointer-events-none [&_svg]:size-4 [&_svg]:shrink-0 md:h-10 md:w-10 h-8 w-8 text-muted-foreground hover:text-destructive hover:bg-destructive/10"[39m
    [33mdata-state[39m=[32m"closed"[39m
    [33mdata-testid[39m=[32m"delete-operation-trigger"[39m
    [33mtype[39m=[32m"button"[39m
  [36m/>[39m

  --------------------------------------------------

Ignored nodes: comments, script, style
[36m<div[39m
  [33mclass[39m=[32m"hidden sm:grid grid-cols-[120px_1fr_180px_80px_120px_48px_48px] gap-3 px-4 py-3 items-center"[39m
[36m>[39m
  [36m<span[39m
    [33mclass[39m=[32m"text-sm text-muted-foreground tabular-nums"[39m
  [36m>[39m
    [0m02/10/2026[0m
  [36m</span>[39m
  [36m<div[39m
    [33mclass[39m=[32m"flex min-w-0 flex-col gap-1"[39m
  [36m>[39m
    [36m<div[39m
      [33mclass[39m=[32m"flex items-center gap-2 min-w-0"[39m
    [36m>[39m
      [36m<svg[39m
        [33maria-hidden[39m=[32m"true"[39m
        [33mclass[39m=[32m"lucide lucide-chevron-right h-3.5 w-3.5 text-muted-foreground shrink-0 group-hover:text-foreground"[39m
        [33mfill[39m=[32m"none"[39m
        [33mheight[39m=[32m"24"[39m
        [33mstroke[39m=[32m"currentColor"[39m
        [33mstroke-linecap[39m=[32m"round"[39m
        [33mstroke-linejoin[39m=[32m"round"[39m
        [33mstroke-width[39m=[32m"2"[39m
        [33mviewBox[39m=[32m"0 0 24 24"[39m
        [33mwidth[39m=[32m"24"[39m
        [33mxmlns[39m=[32m"http://www.w3.org/2000/svg"[39m
      [36m>[39m
        [36m<path[39m
          [33md[39m=[32m"m9 18 6-6-6-6"[39m
        [36m/>[39m
      [36m</svg>[39m
      [36m<span[39m
        [33mclass[39m=[32m"text-sm font-medium text-foreground truncate"[39m
      [36m>[39m
        [0mRemera[0m
      [36m</span>[39m
      [36m<div[39m
        [33mclass[39m=[32m"inline-flex items-center rounded-full border px-2.5 py-0.5 font-semibold transition-colors duration-base ease-standard focus:outline-none focus:ring-2 focus:ring-ring focus:ring-offset-2 text-[10px] text-muted-foreground shrink-0"[39m
        [33mdata-testid[39m=[32m"payment-method-badge"[39m
      [36m>[39m
        [0mSin especificar[0m
      [36m</div>[39m
    [36m</div>[39m
  [36m</div>[39m
  [36m<span[39m
    [33mclass[39m=[32m"text-sm text-muted-foreground truncate"[39m
  [36m>[39m
    [0mAna Pérez[0m
  [36m</span>[39m
  [36m<div[39m
    [33mclass[39m=[32m"flex justify-center"[39m
  [36m>[39m
    [36m<span[39m
      [33mclass[39m=[32m"text-sm text-muted-foreground"[39m
    [36m>[39m
      [0m1[0m
    [36m</span>[39m
  [36m</div>[39m
  [36m<span[39m
    [33mclass[39m=[32m"text-right text-sm font-bold text-success tabular-nums"[39m
  [36m>[39m
    [0m$ 100[0m
  [36m</span>[39m
  [36m<button[39m
    [33maria-label[39m=[32m"Editar esta venta"[39m
    [33mclass[39m=[32m"inline-flex items-center justify-center gap-2 whitespace-nowrap rounded-md text-sm font-medium ring-offset-background transition-colors duration-base ease-standard focus-visible:outline-none focus-visible:ring-2 focus-visible:ring-ring focus-visible:ring-offset-2 disabled:pointer-events-none disabled:opacity-50 [&_svg]:pointer-events-none [&_svg]:size-4 [&_svg]:shrink-0 md:h-10 md:w-10 h-8 w-8 text-muted-foreground hover:text-primary hover:bg-primary/10"[39m
    [33mtype[39m=[32m"button"[39m
  [36m>[39m
    [36m<svg[39m
      [33maria-hidden[39m=[32m"true"[39m
      [33mclass[39m=[32m"lucide lucide-pencil h-3.5 w-3.5"[39m
      [33mfill[39m=[32m"none"[39m
      [33mheight[39m=[32m"24"[39m
      [33mstroke[39m=[32m"currentColor"[39m
      [33mstroke-linecap[39m=[32m"round"[39m
      [33mstroke-linejoin[39m=[32m"round"[39m
      [33mstroke-width[39m=[32m"2"[39m
      [33mviewBox[39m=[32m"0 0 24 24"[39m
      [33mwidth[39m=[32m"24"[39m
      [33mxmlns[39m=[32m"http://www.w3.org/2000/svg"[39m
    [36m>[39m
      [36m<path[39m
        [33md[39m=[32m"M21.174 6.812a1 1 0 0 0-3.986-3.987L3.842 16.174a2 2 0 0 0-.5.83l-1.321 4.352a.5.5 0 0 0 .623.622l4.353-1.32a2 2 0 0 0 .83-.497z"[39m
      [36m/>[39m
      [36m<path[39m
        [33md[39m=[32m"m15 5 4 4"[39m
      [36m/>[39m
    [36m</svg>[39m
  [36m</button>[39m
  [36m<button[39m
    [33maria-controls[39m=[32m"radix-_r_18_"[39m
    [33maria-expanded[39m=[32m"false"[39m
    [33maria-haspopup[39m=[32m"dialog"[39m
    [33maria-label[39m=[32m"Eliminar esta venta"[39m
    [33mclass[39m=[32m"inline-flex items-center justify-center gap-2 whitespace-nowrap rounded-md text-sm font-medium ring-offset-background transition-colors duration-base ease-standard focus-visible:outline-none focus-visible:ring-2 focus-visible:ring-ring focus-visible:ring-offset-2 disabled:pointer-events-none disabled:opacity-50 [&_svg]:pointer-events-none [&_svg]:size-4 [&_svg]:shrink-0 md:h-10 md:w-10 h-8 w-8 text-muted-foreground hover:text-destructive hover:bg-destructive/10"[39m
    [33mdata-state[39m=[32m"closed"[39m
    [33mdata-testid[39m=[32m"delete-operation-trigger"[39m
    [33mtype[39m=[32m"button"[39m
  [36m>[39m
    [36m<svg[39m
      [33maria-hidden[39m=[32m"true"[39m
      [33mclass[39m=[32m"lucide lucide-trash2 lucide-trash-2 h-3.5 w-3.5"[39m
      [33mfill[39m=[32m"none"[39m
      [33mheight[39m=[32m"24"[39m
      [33mstroke[39m=[32m"currentColor"[39m
      [33mstroke-linecap[39m=[32m"round"[39m
      [33mstroke-linejoin[39m=[32m"round"[39m
      [33mstroke-width[39m=[32m"2"[39m
      [33mviewBox[39m=[32m"0 0 24 24"[39m
      [33mwidth[39m=[32m"24"[39m
      [33mxmlns[39m=[32m"http://www.w3.org/2000/svg"[39m
    [36m>[39m
      [36m<path[39m
        [33md[39m=[32m"M10 11v6"[39m
      [36m/>[39m
      [36m<path[39m
        [33md[39m=[32m"M14 11v6"[39m
      [36m/>[39m
      [36m<path[39m
        [33md[39m=[32m"M19 6v14a2 2 0 0 1-2 2H7a2 2 0 0 1-2-2V6"[39m
      [36m/>[39m
      [36m<path[39m
        [33md[39m=[32m"M3 6h18"[39m
      [36m/>[39m
      [36m<path[39m
        [33md[39m=[32m"M8 6V4a2 2 0 0 1 2-2h4a2 2 0 0 1 2 2v2"[39m
      [36m/>[39m
    [36m</svg>[39m
  [36m</button>[39m
[36m</div>[39m
 ❯ Object.getElementError ../node_modules/.pnpm/@testing-library+dom@10.4.1/node_modules/@testing-library/dom/dist/config.js:37:19
 ❯ ../node_modules/.pnpm/@testing-library+dom@10.4.1/node_modules/@testing-library/dom/dist/query-helpers.js:76:38
 ❯ ../node_modules/.pnpm/@testing-library+dom@10.4.1/node_modules/@testing-library/dom/dist/query-helpers.js:52:17
 ❯ ../node_modules/.pnpm/@testing-library+dom@10.4.1/node_modules/@testing-library/dom/dist/query-helpers.js:95:19
 ❯ __tests__/components/sale-operations-list-source-delivery-note.test.tsx:95:35
     93|     render(<SaleOperationsList {...baseProps([makeSale(FROM_REMITO)])}…
     94|     const desktop = document.querySelector('[class*="sm:grid"][class*=…
     95|     const badge = within(desktop).getByRole("link", { name: /desde rem…
       |                                   ^
     96|     const productName = within(desktop).getByText(/Remera/)
     97|     const nameCell = productName.closest(".truncate") as HTMLElement

⎯⎯⎯⎯⎯⎯⎯⎯⎯⎯⎯⎯⎯⎯⎯⎯⎯⎯⎯⎯⎯⎯⎯[6/18]⎯

 FAIL  __tests__/components/sale-operations-list-source-delivery-note.test.tsx > SaleOperationsList — badge 'Desde remito' > el enlace del badge no expande ni colapsa la fila
TestingLibraryElementError: Unable to find an accessible element with the role "link" and name `/desde remito/i`

Here are the accessible roles:

  textbox:

  Name "":
  [36m<input[39m
    [33mclass[39m=[32m"flex h-11 md:h-10 w-full rounded-md border px-3 py-2 text-base ring-offset-background transition-colors duration-base ease-standard file:border-0 file:bg-transparent file:text-sm file:font-medium file:text-foreground placeholder:text-muted-foreground focus-visible:outline-none focus-visible:ring-2 focus-visible:ring-ring focus-visible:ring-offset-2 disabled:cursor-not-allowed disabled:opacity-50 md:text-sm pl-9 bg-background border-border text-foreground"[39m
    [33mplaceholder[39m=[32m"Buscar en esta página..."[39m
    [33mvalue[39m=[32m""[39m
  [36m/>[39m

  --------------------------------------------------
  button:

  Name "Filtrar fechas":
  [36m<button[39m
    [33maria-controls[39m=[32m"radix-_r_1g_"[39m
    [33maria-expanded[39m=[32m"false"[39m
    [33maria-haspopup[39m=[32m"dialog"[39m
    [33mclass[39m=[32m"inline-flex items-center justify-center gap-2 whitespace-nowrap text-sm font-medium ring-offset-background transition-colors duration-base ease-standard focus-visible:outline-none focus-visible:ring-2 focus-visible:ring-ring focus-visible:ring-offset-2 disabled:pointer-events-none disabled:opacity-50 [&_svg]:pointer-events-none [&_svg]:size-4 [&_svg]:shrink-0 border bg-background hover:bg-accent hover:text-accent-foreground h-10 rounded-md px-3 md:h-9 shrink-0 border-border text-foreground"[39m
    [33mdata-state[39m=[32m"closed"[39m
    [33mtype[39m=[32m"button"[39m
  [36m/>[39m

  Name "Exportar":
  [36m<button[39m
    [33mclass[39m=[32m"inline-flex items-center justify-center gap-2 whitespace-nowrap text-sm font-medium ring-offset-background transition-colors duration-base ease-standard focus-visible:outline-none focus-visible:ring-2 focus-visible:ring-ring focus-visible:ring-offset-2 disabled:pointer-events-none disabled:opacity-50 [&_svg]:pointer-events-none [&_svg]:size-4 [&_svg]:shrink-0 border bg-background hover:bg-accent hover:text-accent-foreground h-10 rounded-md px-3 md:h-9 border-border text-foreground"[39m
  [36m/>[39m

  Name "02/10/2026 Remera Ana Pérez$ 100 Sin especificar 02/10/2026 Remera Sin especificar Ana Pérez 1 $ 100":
  [36m<div[39m
    [33maria-expanded[39m=[32m"false"[39m
    [33mclass[39m=[32m"cursor-pointer hover:bg-accent/20 transition-colors group"[39m
    [33mrole[39m=[32m"button"[39m
    [33mtabindex[39m=[32m"0"[39m
  [36m/>[39m

  Name "Editar esta venta":
  [36m<button[39m
    [33maria-label[39m=[32m"Editar esta venta"[39m
    [33mclass[39m=[32m"inline-flex items-center justify-center gap-2 whitespace-nowrap rounded-md text-sm font-medium ring-offset-background transition-colors duration-base ease-standard focus-visible:outline-none focus-visible:ring-2 focus-visible:ring-ring focus-visible:ring-offset-2 disabled:pointer-events-none disabled:opacity-50 [&_svg]:pointer-events-none [&_svg]:size-4 [&_svg]:shrink-0 md:h-10 md:w-10 h-8 w-8 text-muted-foreground hover:text-primary hover:bg-primary/10"[39m
    [33mtype[39m=[32m"button"[39m
  [36m/>[39m

  Name "Eliminar esta venta":
  [36m<button[39m
    [33maria-controls[39m=[32m"radix-_r_1h_"[39m
    [33maria-expanded[39m=[32m"false"[39m
    [33maria-haspopup[39m=[32m"dialog"[39m
    [33maria-label[39m=[32m"Eliminar esta venta"[39m
    [33mclass[39m=[32m"inline-flex items-center justify-center gap-2 whitespace-nowrap rounded-md text-sm font-medium ring-offset-background transition-colors duration-base ease-standard focus-visible:outline-none focus-visible:ring-2 focus-visible:ring-ring focus-visible:ring-offset-2 disabled:pointer-events-none disabled:opacity-50 [&_svg]:pointer-events-none [&_svg]:size-4 [&_svg]:shrink-0 md:h-10 md:w-10 h-8 w-8 text-muted-foreground hover:text-destructive hover:bg-destructive/10"[39m
    [33mdata-state[39m=[32m"closed"[39m
    [33mdata-testid[39m=[32m"delete-operation-trigger"[39m
    [33mtype[39m=[32m"button"[39m
  [36m/>[39m

  Name "Editar esta venta":
  [36m<button[39m
    [33maria-label[39m=[32m"Editar esta venta"[39m
    [33mclass[39m=[32m"inline-flex items-center justify-center gap-2 whitespace-nowrap rounded-md text-sm font-medium ring-offset-background transition-colors duration-base ease-standard focus-visible:outline-none focus-visible:ring-2 focus-visible:ring-ring focus-visible:ring-offset-2 disabled:pointer-events-none disabled:opacity-50 [&_svg]:pointer-events-none [&_svg]:size-4 [&_svg]:shrink-0 md:h-10 md:w-10 h-8 w-8 text-muted-foreground hover:text-primary hover:bg-primary/10"[39m
    [33mtype[39m=[32m"button"[39m
  [36m/>[39m

  Name "Eliminar esta venta":
  [36m<button[39m
    [33maria-controls[39m=[32m"radix-_r_1k_"[39m
    [33maria-expanded[39m=[32m"false"[39m
    [33maria-haspopup[39m=[32m"dialog"[39m
    [33maria-label[39m=[32m"Eliminar esta venta"[39m
    [33mclass[39m=[32m"inline-flex items-center justify-center gap-2 whitespace-nowrap rounded-md text-sm font-medium ring-offset-background transition-colors duration-base ease-standard focus-visible:outline-none focus-visible:ring-2 focus-visible:ring-ring focus-visible:ring-offset-2 disabled:pointer-events-none disabled:opacity-50 [&_svg]:pointer-events-none [&_svg]:size-4 [&_svg]:shrink-0 md:h-10 md:w-10 h-8 w-8 text-muted-foreground hover:text-destructive hover:bg-destructive/10"[39m
    [33mdata-state[39m=[32m"closed"[39m
    [33mdata-testid[39m=[32m"delete-operation-trigger"[39m
    [33mtype[39m=[32m"button"[39m
  [36m/>[39m

  Name "Primera página":
  [36m<button[39m
    [33maria-label[39m=[32m"Primera página"[39m
    [33mclass[39m=[32m"inline-flex items-center justify-center gap-2 whitespace-nowrap rounded-md text-sm font-medium ring-offset-background transition-colors duration-base ease-standard focus-visible:outline-none focus-visible:ring-2 focus-visible:ring-ring focus-visible:ring-offset-2 disabled:pointer-events-none disabled:opacity-50 [&_svg]:pointer-events-none [&_svg]:size-4 [&_svg]:shrink-0 border bg-background hover:bg-accent hover:text-accent-foreground md:h-10 md:w-10 h-7 w-7 border-border"[39m
    [33mdisabled[39m=[32m""[39m
  [36m/>[39m

  Name "Página anterior":
  [36m<button[39m
    [33maria-label[39m=[32m"Página anterior"[39m
    [33mclass[39m=[32m"inline-flex items-center justify-center gap-2 whitespace-nowrap rounded-md text-sm font-medium ring-offset-background transition-colors duration-base ease-standard focus-visible:outline-none focus-visible:ring-2 focus-visible:ring-ring focus-visible:ring-offset-2 disabled:pointer-events-none disabled:opacity-50 [&_svg]:pointer-events-none [&_svg]:size-4 [&_svg]:shrink-0 border bg-background hover:bg-accent hover:text-accent-foreground md:h-10 md:w-10 h-7 w-7 border-border"[39m
    [33mdisabled[39m=[32m""[39m
  [36m/>[39m

  Name "Página siguiente":
  [36m<button[39m
    [33maria-label[39m=[32m"Página siguiente"[39m
    [33mclass[39m=[32m"inline-flex items-center justify-center gap-2 whitespace-nowrap rounded-md text-sm font-medium ring-offset-background transition-colors duration-base ease-standard focus-visible:outline-none focus-visible:ring-2 focus-visible:ring-ring focus-visible:ring-offset-2 disabled:pointer-events-none disabled:opacity-50 [&_svg]:pointer-events-none [&_svg]:size-4 [&_svg]:shrink-0 border bg-background hover:bg-accent hover:text-accent-foreground md:h-10 md:w-10 h-7 w-7 border-border"[39m
    [33mdisabled[39m=[32m""[39m
  [36m/>[39m

  Name "Última página":
  [36m<button[39m
    [33maria-label[39m=[32m"Última página"[39m
    [33mclass[39m=[32m"inline-flex items-center justify-center gap-2 whitespace-nowrap rounded-md text-sm font-medium ring-offset-background transition-colors duration-base ease-standard focus-visible:outline-none focus-visible:ring-2 focus-visible:ring-ring focus-visible:ring-offset-2 disabled:pointer-events-none disabled:opacity-50 [&_svg]:pointer-events-none [&_svg]:size-4 [&_svg]:shrink-0 border bg-background hover:bg-accent hover:text-accent-foreground md:h-10 md:w-10 h-7 w-7 border-border"[39m
    [33mdisabled[39m=[32m""[39m
  [36m/>[39m

  --------------------------------------------------
  combobox:

  Name "":
  [36m<button[39m
    [33maria-autocomplete[39m=[32m"none"[39m
    [33maria-controls[39m=[32m"radix-_r_1n_"[39m
    [33maria-expanded[39m=[32m"false"[39m
    [33mclass[39m=[32m"flex md:h-10 items-center justify-between rounded-md border py-2 ring-offset-background placeholder:text-muted-foreground focus:outline-none focus:ring-2 focus:ring-ring focus:ring-offset-2 disabled:cursor-not-allowed disabled:opacity-50 [&>span]:line-clamp-1 h-7 w-[4.5rem] text-xs border-border bg-background px-2"[39m
    [33mdata-state[39m=[32m"closed"[39m
    [33mdir[39m=[32m"ltr"[39m
    [33mrole[39m=[32m"combobox"[39m
    [33mtype[39m=[32m"button"[39m
  [36m/>[39m

  --------------------------------------------------

Ignored nodes: comments, script, style
[36m<body>[39m
  [36m<div>[39m
    [36m<div[39m
      [33mclass[39m=[32m"flex flex-col gap-4"[39m
    [36m>[39m
      [36m<div[39m
        [33mclass[39m=[32m"flex flex-col gap-3 lg:flex-row lg:flex-wrap lg:items-center lg:justify-between"[39m
        [33mdata-testid[39m=[32m"filters-bar"[39m
      [36m>[39m
        [36m<div[39m
          [33mclass[39m=[32m"flex flex-col gap-2 sm:flex-row sm:flex-wrap sm:items-center sm:gap-3"[39m
          [33mdata-testid[39m=[32m"filters-group"[39m
        [36m>[39m
          [36m<div[39m
            [33mclass[39m=[32m"relative w-full sm:w-64"[39m
          [36m>[39m
            [36m<svg[39m
              [33maria-hidden[39m=[32m"true"[39m
              [33mclass[39m=[32m"lucide lucide-search absolute left-3 top-1/2 -translate-y-1/2 h-4 w-4 text-muted-foreground pointer-events-none"[39m
              [33mfill[39m=[32m"none"[39m
              [33mheight[39m=[32m"24"[39m
              [33mstroke[39m=[32m"currentColor"[39m
              [33mstroke-linecap[39m=[32m"round"[39m
              [33mstroke-linejoin[39m=[32m"round"[39m
              [33mstroke-width[39m=[32m"2"[39m
              [33mviewBox[39m=[32m"0 0 24 24"[39m
              [33mwidth[39m=[32m"24"[39m
              [33mxmlns[39m=[32m"http://www.w3.org/2000/svg"[39m
            [36m>[39m
              [36m<path[39m
                [33md[39m=[32m"m21 21-4.34-4.34"[39m
              [36m/>[39m
              [36m<circle[39m
                [33mcx[39m=[32m"11"[39m
                [33mcy[39m=[32m"11"[39m
                [33mr[39m=[32m"8"[39m
              [36m/>[39m
            [36m</svg>[39m
            [36m<input[39m
              [33mclass[39m=[32m"flex h-11 md:h-10 w-full rounded-md border px-3 py-2 text-base ring-offset-background transition-colors duration-base ease-standard file:border-0 file:bg-transparent file:text-sm file:font-medium file:text-foreground placeholder:text-muted-foreground focus-visible:outline-none focus-visible:ring-2 focus-visible:ring-ring focus-visible:ring-offset-2 disabled:cursor-not-allowed disabled:opacity-50 md:text-sm pl-9 bg-background border-border text-foreground"[39m
              [33mplaceholder[39m=[32m"Buscar en esta página..."[39m
              [33mvalue[39m=[32m""[39m
            [36m/>[39m
          [36m</div>[39m
          [36m<button[39m
            [33maria-controls[39m=[32m"radix-_r_1g_"[39m
            [33maria-expanded[39m=[32m"false"[39m
            [33maria-haspopup[39m=[32m"dialog"[39m
            [33mclass[39m=[32m"inline-flex items-center justify-center gap-2 whitespace-nowrap text-sm font-medium ring-offset-background transition-colors duration-base ease-standard focus-visible:outline-none focus-visible:ring-2 focus-visible:ring-ring focus-visible:ring-offset-2 disabled:pointer-events-none disabled:opacity-50 [&_svg]:pointer-events-none [&_svg]:size-4 [&_svg]:shrink-0 border bg-background hover:bg-accent hover:text-accent-foreground h-10 rounded-md px-3 md:h-9 shrink-0 border-border text-foreground"[39m
            [33mdata-state[39m=[32m"closed"[39m
            [33mtype[39m=[32m"button"[39m
          [36m>[39m
            [36m<svg[39m
              [33maria-hidden[39m=[32m"true"[39m
              [33mclass[39m=[32m"lucide lucide-calendar-days h-4 w-4 mr-1"[39m
              [33mfill[39m=[32m"none"[39m
              [33mheight[39m=[32m"24"[39m
              [33mstroke[39m=[32m"currentColor"[39m
              [33mstroke-linecap[39m=[32m"round"[39m
              [33mstroke-linejoin[39m=[32m"round"[39m
              [33mstroke-width[39m=[32m"2"[39m
              [33mviewBox[39m=[32m"0 0 24 24"[39m
              [33mwidth[39m=[32m"24"[39m
              [33mxmlns[39m=[32m"http://www.w3.org/2000/svg"[39m
            [36m>[39m
              [36m<path[39m
                [33md[39m=[32m"M8 2v4"[39m
              [36m/>[39m
              [36m<path[39m
                [33md[39m=[32m"M16 2v4"[39m
              [36m/>[39m
              [36m<rect[39m
                [33mheight[39m=[32m"18"[39m
                [33mrx[39m=[32m"2"[39m
                [33mwidth[39m=[32m"18"[39m
                [33mx[39m=[32m"3"[39m
                [33my[39m=[32m"4"[39m
              [36m/>[39m
              [36m<path[39m
                [33md[39m=[32m"M3 10h18"[39m
              [36m/>[39m
              [36m<path[39m
                [33md[39m=[32m"M8 14h.01"[39m
              [36m/>[39m
              [36m<path[39m
                [33md[39m=[32m"M12 14h.01"[39m
              [36m/>[39m
              [36m<path[39m
                [33md[39m=[32m"M16 14h.01"[39m
              [36m/>[39m
              [36m<path[39m
                [33md[39m=[32m"M8 18h.01"[39m
              [36m/>[39m
              [36m<path[39m
                [33md[39m=[32m"M12 18h.01"[39m
              [36m/>[39m
              [36m<path[39m
                [33md[39m=[32m"M16 18h.01"[39m
              [36m/>[39m
            [36m</svg>[39m
            [0mFiltrar fechas[0m
          [36m</button>[39m
          [36m<div[39m
            [33mclass[39m=[32m"w-full sm:w-56"[39m
          [36m/>[39m
        [36m</div>[39m
        [36m<div[39m
          [33mclass[39m=[32m"flex items-center gap-2 flex-wrap"[39m
        [36m>[39m
          [36m<span[39m
            [33mclass[39m=[32m"text-sm text-muted-foreground tabular-nums mr-auto lg:mr-0"[39m
          [36m>[39m
            [0m1 operación[0m
          [36m</span>[39m
          [36m<button[39m
            [33mclass[39m=[32m"inline-flex items-center justify-center gap-2 whitespace-nowrap text-sm font-medium ring-offset-background transition-colors duration-base ease-standard focus-visible:outline-none focus-visible:ring-2 focus-visible:ring-ring focus-visible:ring-offset-2 disabled:pointer-events-none disabled:opacity-50 [&_svg]:pointer-events-none [&_svg]:size-4 [&_svg]:shrink-0 border bg-background hover:bg-accent hover:text-accent-foreground h-10 rounded-md px-3 md:h-9 border-border text-foreground"[39m
          [36m>[39m
            [36m<svg[39m
              [33maria-hidden[39m=[32m"true"[39m
              [33mclass[39m=[32m"lucide lucide-download h-4 w-4 mr-1"[39m
              [33mfill[39m=[32m"none"[39m
              [33mheight[39m=[32m"24"[39m
              [33mstroke[39m=[32m"currentColor"[39m
              [33mstroke-linecap[39m=[32m"round"[39m
              [33mstroke-linejoin[39m=[32m"round"[39m
              [33mstroke-width[39m=[32m"2"[39m
              [33mviewBox[39m=[32m"0 0 24 24"[39m
              [33mwidth[39m=[32m"24"[39m
              [33mxmlns[39m=[32m"http://www.w3.org/2000/svg"[39m
            [36m>[39m
              [36m<path[39m
 ...
 ❯ Object.getElementError ../node_modules/.pnpm/@testing-library+dom@10.4.1/node_modules/@testing-library/dom/dist/config.js:37:19
 ❯ ../node_modules/.pnpm/@testing-library+dom@10.4.1/node_modules/@testing-library/dom/dist/query-helpers.js:76:38
 ❯ ../node_modules/.pnpm/@testing-library+dom@10.4.1/node_modules/@testing-library/dom/dist/query-helpers.js:109:15
 ❯ __tests__/components/sale-operations-list-source-delivery-note.test.tsx:106:12
    104|     const row = screen.getAllByRole("button").find((b) => b.tagName ==…
    105|     expect(row).toHaveAttribute("aria-expanded", "false")
    106|     screen.getAllByRole("link", { name: /desde remito/i })[0].click()
       |            ^
    107|     expect(row).toHaveAttribute("aria-expanded", "false")
    108|   })

⎯⎯⎯⎯⎯⎯⎯⎯⎯⎯⎯⎯⎯⎯⎯⎯⎯⎯⎯⎯⎯⎯⎯[7/18]⎯

 FAIL  __tests__/components/sale-operations-list-source-delivery-note.test.tsx > SaleOperationsList — 'Editar' en una venta nacida de un remito (D9) > queda deshabilitado con el motivo, el número del remito y la salida
TestingLibraryElementError: Unable to find an element with the title: /la venta nació del remito R-00000007/i.

Ignored nodes: comments, script, style
[36m<body>[39m
  [36m<div>[39m
    [36m<div[39m
      [33mclass[39m=[32m"flex flex-col gap-4"[39m
    [36m>[39m
      [36m<div[39m
        [33mclass[39m=[32m"flex flex-col gap-3 lg:flex-row lg:flex-wrap lg:items-center lg:justify-between"[39m
        [33mdata-testid[39m=[32m"filters-bar"[39m
      [36m>[39m
        [36m<div[39m
          [33mclass[39m=[32m"flex flex-col gap-2 sm:flex-row sm:flex-wrap sm:items-center sm:gap-3"[39m
          [33mdata-testid[39m=[32m"filters-group"[39m
        [36m>[39m
          [36m<div[39m
            [33mclass[39m=[32m"relative w-full sm:w-64"[39m
          [36m>[39m
            [36m<svg[39m
              [33maria-hidden[39m=[32m"true"[39m
              [33mclass[39m=[32m"lucide lucide-search absolute left-3 top-1/2 -translate-y-1/2 h-4 w-4 text-muted-foreground pointer-events-none"[39m
              [33mfill[39m=[32m"none"[39m
              [33mheight[39m=[32m"24"[39m
              [33mstroke[39m=[32m"currentColor"[39m
              [33mstroke-linecap[39m=[32m"round"[39m
              [33mstroke-linejoin[39m=[32m"round"[39m
              [33mstroke-width[39m=[32m"2"[39m
              [33mviewBox[39m=[32m"0 0 24 24"[39m
              [33mwidth[39m=[32m"24"[39m
              [33mxmlns[39m=[32m"http://www.w3.org/2000/svg"[39m
            [36m>[39m
              [36m<path[39m
                [33md[39m=[32m"m21 21-4.34-4.34"[39m
              [36m/>[39m
              [36m<circle[39m
                [33mcx[39m=[32m"11"[39m
                [33mcy[39m=[32m"11"[39m
                [33mr[39m=[32m"8"[39m
              [36m/>[39m
            [36m</svg>[39m
            [36m<input[39m
              [33mclass[39m=[32m"flex h-11 md:h-10 w-full rounded-md border px-3 py-2 text-base ring-offset-background transition-colors duration-base ease-standard file:border-0 file:bg-transparent file:text-sm file:font-medium file:text-foreground placeholder:text-muted-foreground focus-visible:outline-none focus-visible:ring-2 focus-visible:ring-ring focus-visible:ring-offset-2 disabled:cursor-not-allowed disabled:opacity-50 md:text-sm pl-9 bg-background border-border text-foreground"[39m
              [33mplaceholder[39m=[32m"Buscar en esta página..."[39m
              [33mvalue[39m=[32m""[39m
            [36m/>[39m
          [36m</div>[39m
          [36m<button[39m
            [33maria-controls[39m=[32m"radix-_r_1s_"[39m
            [33maria-expanded[39m=[32m"false"[39m
            [33maria-haspopup[39m=[32m"dialog"[39m
            [33mclass[39m=[32m"inline-flex items-center justify-center gap-2 whitespace-nowrap text-sm font-medium ring-offset-background transition-colors duration-base ease-standard focus-visible:outline-none focus-visible:ring-2 focus-visible:ring-ring focus-visible:ring-offset-2 disabled:pointer-events-none disabled:opacity-50 [&_svg]:pointer-events-none [&_svg]:size-4 [&_svg]:shrink-0 border bg-background hover:bg-accent hover:text-accent-foreground h-10 rounded-md px-3 md:h-9 shrink-0 border-border text-foreground"[39m
            [33mdata-state[39m=[32m"closed"[39m
            [33mtype[39m=[32m"button"[39m
          [36m>[39m
            [36m<svg[39m
              [33maria-hidden[39m=[32m"true"[39m
              [33mclass[39m=[32m"lucide lucide-calendar-days h-4 w-4 mr-1"[39m
              [33mfill[39m=[32m"none"[39m
              [33mheight[39m=[32m"24"[39m
              [33mstroke[39m=[32m"currentColor"[39m
              [33mstroke-linecap[39m=[32m"round"[39m
              [33mstroke-linejoin[39m=[32m"round"[39m
              [33mstroke-width[39m=[32m"2"[39m
              [33mviewBox[39m=[32m"0 0 24 24"[39m
              [33mwidth[39m=[32m"24"[39m
              [33mxmlns[39m=[32m"http://www.w3.org/2000/svg"[39m
            [36m>[39m
              [36m<path[39m
                [33md[39m=[32m"M8 2v4"[39m
              [36m/>[39m
              [36m<path[39m
                [33md[39m=[32m"M16 2v4"[39m
              [36m/>[39m
              [36m<rect[39m
                [33mheight[39m=[32m"18"[39m
                [33mrx[39m=[32m"2"[39m
                [33mwidth[39m=[32m"18"[39m
                [33mx[39m=[32m"3"[39m
                [33my[39m=[32m"4"[39m
              [36m/>[39m
              [36m<path[39m
                [33md[39m=[32m"M3 10h18"[39m
              [36m/>[39m
              [36m<path[39m
                [33md[39m=[32m"M8 14h.01"[39m
              [36m/>[39m
              [36m<path[39m
                [33md[39m=[32m"M12 14h.01"[39m
              [36m/>[39m
              [36m<path[39m
                [33md[39m=[32m"M16 14h.01"[39m
              [36m/>[39m
              [36m<path[39m
                [33md[39m=[32m"M8 18h.01"[39m
              [36m/>[39m
              [36m<path[39m
                [33md[39m=[32m"M12 18h.01"[39m
              [36m/>[39m
              [36m<path[39m
                [33md[39m=[32m"M16 18h.01"[39m
              [36m/>[39m
            [36m</svg>[39m
            [0mFiltrar fechas[0m
          [36m</button>[39m
          [36m<div[39m
            [33mclass[39m=[32m"w-full sm:w-56"[39m
          [36m/>[39m
        [36m</div>[39m
        [36m<div[39m
          [33mclass[39m=[32m"flex items-center gap-2 flex-wrap"[39m
        [36m>[39m
          [36m<span[39m
            [33mclass[39m=[32m"text-sm text-muted-foreground tabular-nums mr-auto lg:mr-0"[39m
          [36m>[39m
            [0m1 operación[0m
          [36m</span>[39m
          [36m<button[39m
            [33mclass[39m=[32m"inline-flex items-center justify-center gap-2 whitespace-nowrap text-sm font-medium ring-offset-background transition-colors duration-base ease-standard focus-visible:outline-none focus-visible:ring-2 focus-visible:ring-ring focus-visible:ring-offset-2 disabled:pointer-events-none disabled:opacity-50 [&_svg]:pointer-events-none [&_svg]:size-4 [&_svg]:shrink-0 border bg-background hover:bg-accent hover:text-accent-foreground h-10 rounded-md px-3 md:h-9 border-border text-foreground"[39m
          [36m>[39m
            [36m<svg[39m
              [33maria-hidden[39m=[32m"true"[39m
              [33mclass[39m=[32m"lucide lucide-download h-4 w-4 mr-1"[39m
              [33mfill[39m=[32m"none"[39m
              [33mheight[39m=[32m"24"[39m
              [33mstroke[39m=[32m"currentColor"[39m
              [33mstroke-linecap[39m=[32m"round"[39m
              [33mstroke-linejoin[39m=[32m"round"[39m
              [33mstroke-width[39m=[32m"2"[39m
              [33mviewBox[39m=[32m"0 0 24 24"[39m
              [33mwidth[39m=[32m"24"[39m
              [33mxmlns[39m=[32m"http://www.w3.org/2000/svg"[39m
            [36m>[39m
              [36m<path[39m
 ...
 ❯ Object.getElementError ../node_modules/.pnpm/@testing-library+dom@10.4.1/node_modules/@testing-library/dom/dist/config.js:37:19
 ❯ ../node_modules/.pnpm/@testing-library+dom@10.4.1/node_modules/@testing-library/dom/dist/query-helpers.js:76:38
 ❯ ../node_modules/.pnpm/@testing-library+dom@10.4.1/node_modules/@testing-library/dom/dist/query-helpers.js:109:15
 ❯ __tests__/components/sale-operations-list-source-delivery-note.test.tsx:114:27
    112|   it("queda deshabilitado con el motivo, el número del remito y la sal…
    113|     render(<SaleOperationsList {...baseProps([makeSale(FROM_REMITO)])}…
    114|     const locked = screen.getAllByTitle(LOCK_REASON)
       |                           ^
    115|     expect(locked.length).toBeGreaterThan(0)
    116|     for (const b of locked) {

⎯⎯⎯⎯⎯⎯⎯⎯⎯⎯⎯⎯⎯⎯⎯⎯⎯⎯⎯⎯⎯⎯⎯[8/18]⎯

 FAIL  __tests__/components/sale-operations-list-source-delivery-note.test.tsx > SaleOperationsList — 'Editar' en una venta nacida de un remito (D9) > el motivo también es el nombre accesible del botón deshabilitado
TestingLibraryElementError: Unable to find an accessible element with the role "button" and name `/la venta nació del remito R-00000007/i`

Here are the accessible roles:

  textbox:

  Name "":
  [36m<input[39m
    [33mclass[39m=[32m"flex h-11 md:h-10 w-full rounded-md border px-3 py-2 text-base ring-offset-background transition-colors duration-base ease-standard file:border-0 file:bg-transparent file:text-sm file:font-medium file:text-foreground placeholder:text-muted-foreground focus-visible:outline-none focus-visible:ring-2 focus-visible:ring-ring focus-visible:ring-offset-2 disabled:cursor-not-allowed disabled:opacity-50 md:text-sm pl-9 bg-background border-border text-foreground"[39m
    [33mplaceholder[39m=[32m"Buscar en esta página..."[39m
    [33mvalue[39m=[32m""[39m
  [36m/>[39m

  --------------------------------------------------
  button:

  Name "Filtrar fechas":
  [36m<button[39m
    [33maria-controls[39m=[32m"radix-_r_28_"[39m
    [33maria-expanded[39m=[32m"false"[39m
    [33maria-haspopup[39m=[32m"dialog"[39m
    [33mclass[39m=[32m"inline-flex items-center justify-center gap-2 whitespace-nowrap text-sm font-medium ring-offset-background transition-colors duration-base ease-standard focus-visible:outline-none focus-visible:ring-2 focus-visible:ring-ring focus-visible:ring-offset-2 disabled:pointer-events-none disabled:opacity-50 [&_svg]:pointer-events-none [&_svg]:size-4 [&_svg]:shrink-0 border bg-background hover:bg-accent hover:text-accent-foreground h-10 rounded-md px-3 md:h-9 shrink-0 border-border text-foreground"[39m
    [33mdata-state[39m=[32m"closed"[39m
    [33mtype[39m=[32m"button"[39m
  [36m/>[39m

  Name "Exportar":
  [36m<button[39m
    [33mclass[39m=[32m"inline-flex items-center justify-center gap-2 whitespace-nowrap text-sm font-medium ring-offset-background transition-colors duration-base ease-standard focus-visible:outline-none focus-visible:ring-2 focus-visible:ring-ring focus-visible:ring-offset-2 disabled:pointer-events-none disabled:opacity-50 [&_svg]:pointer-events-none [&_svg]:size-4 [&_svg]:shrink-0 border bg-background hover:bg-accent hover:text-accent-foreground h-10 rounded-md px-3 md:h-9 border-border text-foreground"[39m
  [36m/>[39m

  Name "02/10/2026 Remera Ana Pérez$ 100 Sin especificar 02/10/2026 Remera Sin especificar Ana Pérez 1 $ 100":
  [36m<div[39m
    [33maria-expanded[39m=[32m"false"[39m
    [33mclass[39m=[32m"cursor-pointer hover:bg-accent/20 transition-colors group"[39m
    [33mrole[39m=[32m"button"[39m
    [33mtabindex[39m=[32m"0"[39m
  [36m/>[39m

  Name "Editar esta venta":
  [36m<button[39m
    [33maria-label[39m=[32m"Editar esta venta"[39m
    [33mclass[39m=[32m"inline-flex items-center justify-center gap-2 whitespace-nowrap rounded-md text-sm font-medium ring-offset-background transition-colors duration-base ease-standard focus-visible:outline-none focus-visible:ring-2 focus-visible:ring-ring focus-visible:ring-offset-2 disabled:pointer-events-none disabled:opacity-50 [&_svg]:pointer-events-none [&_svg]:size-4 [&_svg]:shrink-0 md:h-10 md:w-10 h-8 w-8 text-muted-foreground hover:text-primary hover:bg-primary/10"[39m
    [33mtype[39m=[32m"button"[39m
  [36m/>[39m

  Name "Eliminar esta venta":
  [36m<button[39m
    [33maria-controls[39m=[32m"radix-_r_29_"[39m
    [33maria-expanded[39m=[32m"false"[39m
    [33maria-haspopup[39m=[32m"dialog"[39m
    [33maria-label[39m=[32m"Eliminar esta venta"[39m
    [33mclass[39m=[32m"inline-flex items-center justify-center gap-2 whitespace-nowrap rounded-md text-sm font-medium ring-offset-background transition-colors duration-base ease-standard focus-visible:outline-none focus-visible:ring-2 focus-visible:ring-ring focus-visible:ring-offset-2 disabled:pointer-events-none disabled:opacity-50 [&_svg]:pointer-events-none [&_svg]:size-4 [&_svg]:shrink-0 md:h-10 md:w-10 h-8 w-8 text-muted-foreground hover:text-destructive hover:bg-destructive/10"[39m
    [33mdata-state[39m=[32m"closed"[39m
    [33mdata-testid[39m=[32m"delete-operation-trigger"[39m
    [33mtype[39m=[32m"button"[39m
  [36m/>[39m

  Name "Editar esta venta":
  [36m<button[39m
    [33maria-label[39m=[32m"Editar esta venta"[39m
    [33mclass[39m=[32m"inline-flex items-center justify-center gap-2 whitespace-nowrap rounded-md text-sm font-medium ring-offset-background transition-colors duration-base ease-standard focus-visible:outline-none focus-visible:ring-2 focus-visible:ring-ring focus-visible:ring-offset-2 disabled:pointer-events-none disabled:opacity-50 [&_svg]:pointer-events-none [&_svg]:size-4 [&_svg]:shrink-0 md:h-10 md:w-10 h-8 w-8 text-muted-foreground hover:text-primary hover:bg-primary/10"[39m
    [33mtype[39m=[32m"button"[39m
  [36m/>[39m

  Name "Eliminar esta venta":
  [36m<button[39m
    [33maria-controls[39m=[32m"radix-_r_2c_"[39m
    [33maria-expanded[39m=[32m"false"[39m
    [33maria-haspopup[39m=[32m"dialog"[39m
    [33maria-label[39m=[32m"Eliminar esta venta"[39m
    [33mclass[39m=[32m"inline-flex items-center justify-center gap-2 whitespace-nowrap rounded-md text-sm font-medium ring-offset-background transition-colors duration-base ease-standard focus-visible:outline-none focus-visible:ring-2 focus-visible:ring-ring focus-visible:ring-offset-2 disabled:pointer-events-none disabled:opacity-50 [&_svg]:pointer-events-none [&_svg]:size-4 [&_svg]:shrink-0 md:h-10 md:w-10 h-8 w-8 text-muted-foreground hover:text-destructive hover:bg-destructive/10"[39m
    [33mdata-state[39m=[32m"closed"[39m
    [33mdata-testid[39m=[32m"delete-operation-trigger"[39m
    [33mtype[39m=[32m"button"[39m
  [36m/>[39m

  Name "Primera página":
  [36m<button[39m
    [33maria-label[39m=[32m"Primera página"[39m
    [33mclass[39m=[32m"inline-flex items-center justify-center gap-2 whitespace-nowrap rounded-md text-sm font-medium ring-offset-background transition-colors duration-base ease-standard focus-visible:outline-none focus-visible:ring-2 focus-visible:ring-ring focus-visible:ring-offset-2 disabled:pointer-events-none disabled:opacity-50 [&_svg]:pointer-events-none [&_svg]:size-4 [&_svg]:shrink-0 border bg-background hover:bg-accent hover:text-accent-foreground md:h-10 md:w-10 h-7 w-7 border-border"[39m
    [33mdisabled[39m=[32m""[39m
  [36m/>[39m

  Name "Página anterior":
  [36m<button[39m
    [33maria-label[39m=[32m"Página anterior"[39m
    [33mclass[39m=[32m"inline-flex items-center justify-center gap-2 whitespace-nowrap rounded-md text-sm font-medium ring-offset-background transition-colors duration-base ease-standard focus-visible:outline-none focus-visible:ring-2 focus-visible:ring-ring focus-visible:ring-offset-2 disabled:pointer-events-none disabled:opacity-50 [&_svg]:pointer-events-none [&_svg]:size-4 [&_svg]:shrink-0 border bg-background hover:bg-accent hover:text-accent-foreground md:h-10 md:w-10 h-7 w-7 border-border"[39m
    [33mdisabled[39m=[32m""[39m
  [36m/>[39m

  Name "Página siguiente":
  [36m<button[39m
    [33maria-label[39m=[32m"Página siguiente"[39m
    [33mclass[39m=[32m"inline-flex items-center justify-center gap-2 whitespace-nowrap rounded-md text-sm font-medium ring-offset-background transition-colors duration-base ease-standard focus-visible:outline-none focus-visible:ring-2 focus-visible:ring-ring focus-visible:ring-offset-2 disabled:pointer-events-none disabled:opacity-50 [&_svg]:pointer-events-none [&_svg]:size-4 [&_svg]:shrink-0 border bg-background hover:bg-accent hover:text-accent-foreground md:h-10 md:w-10 h-7 w-7 border-border"[39m
    [33mdisabled[39m=[32m""[39m
  [36m/>[39m

  Name "Última página":
  [36m<button[39m
    [33maria-label[39m=[32m"Última página"[39m
    [33mclass[39m=[32m"inline-flex items-center justify-center gap-2 whitespace-nowrap rounded-md text-sm font-medium ring-offset-background transition-colors duration-base ease-standard focus-visible:outline-none focus-visible:ring-2 focus-visible:ring-ring focus-visible:ring-offset-2 disabled:pointer-events-none disabled:opacity-50 [&_svg]:pointer-events-none [&_svg]:size-4 [&_svg]:shrink-0 border bg-background hover:bg-accent hover:text-accent-foreground md:h-10 md:w-10 h-7 w-7 border-border"[39m
    [33mdisabled[39m=[32m""[39m
  [36m/>[39m

  --------------------------------------------------
  combobox:

  Name "":
  [36m<button[39m
    [33maria-autocomplete[39m=[32m"none"[39m
    [33maria-controls[39m=[32m"radix-_r_2f_"[39m
    [33maria-expanded[39m=[32m"false"[39m
    [33mclass[39m=[32m"flex md:h-10 items-center justify-between rounded-md border py-2 ring-offset-background placeholder:text-muted-foreground focus:outline-none focus:ring-2 focus:ring-ring focus:ring-offset-2 disabled:cursor-not-allowed disabled:opacity-50 [&>span]:line-clamp-1 h-7 w-[4.5rem] text-xs border-border bg-background px-2"[39m
    [33mdata-state[39m=[32m"closed"[39m
    [33mdir[39m=[32m"ltr"[39m
    [33mrole[39m=[32m"combobox"[39m
    [33mtype[39m=[32m"button"[39m
  [36m/>[39m

  --------------------------------------------------

Ignored nodes: comments, script, style
[36m<body>[39m
  [36m<div>[39m
    [36m<div[39m
      [33mclass[39m=[32m"flex flex-col gap-4"[39m
    [36m>[39m
      [36m<div[39m
        [33mclass[39m=[32m"flex flex-col gap-3 lg:flex-row lg:flex-wrap lg:items-center lg:justify-between"[39m
        [33mdata-testid[39m=[32m"filters-bar"[39m
      [36m>[39m
        [36m<div[39m
          [33mclass[39m=[32m"flex flex-col gap-2 sm:flex-row sm:flex-wrap sm:items-center sm:gap-3"[39m
          [33mdata-testid[39m=[32m"filters-group"[39m
        [36m>[39m
          [36m<div[39m
            [33mclass[39m=[32m"relative w-full sm:w-64"[39m
          [36m>[39m
            [36m<svg[39m
              [33maria-hidden[39m=[32m"true"[39m
              [33mclass[39m=[32m"lucide lucide-search absolute left-3 top-1/2 -translate-y-1/2 h-4 w-4 text-muted-foreground pointer-events-none"[39m
              [33mfill[39m=[32m"none"[39m
              [33mheight[39m=[32m"24"[39m
              [33mstroke[39m=[32m"currentColor"[39m
              [33mstroke-linecap[39m=[32m"round"[39m
              [33mstroke-linejoin[39m=[32m"round"[39m
              [33mstroke-width[39m=[32m"2"[39m
              [33mviewBox[39m=[32m"0 0 24 24"[39m
              [33mwidth[39m=[32m"24"[39m
              [33mxmlns[39m=[32m"http://www.w3.org/2000/svg"[39m
            [36m>[39m
              [36m<path[39m
                [33md[39m=[32m"m21 21-4.34-4.34"[39m
              [36m/>[39m
              [36m<circle[39m
                [33mcx[39m=[32m"11"[39m
                [33mcy[39m=[32m"11"[39m
                [33mr[39m=[32m"8"[39m
              [36m/>[39m
            [36m</svg>[39m
            [36m<input[39m
              [33mclass[39m=[32m"flex h-11 md:h-10 w-full rounded-md border px-3 py-2 text-base ring-offset-background transition-colors duration-base ease-standard file:border-0 file:bg-transparent file:text-sm file:font-medium file:text-foreground placeholder:text-muted-foreground focus-visible:outline-none focus-visible:ring-2 focus-visible:ring-ring focus-visible:ring-offset-2 disabled:cursor-not-allowed disabled:opacity-50 md:text-sm pl-9 bg-background border-border text-foreground"[39m
              [33mplaceholder[39m=[32m"Buscar en esta página..."[39m
              [33mvalue[39m=[32m""[39m
            [36m/>[39m
          [36m</div>[39m
          [36m<button[39m
            [33maria-controls[39m=[32m"radix-_r_28_"[39m
            [33maria-expanded[39m=[32m"false"[39m
            [33maria-haspopup[39m=[32m"dialog"[39m
            [33mclass[39m=[32m"inline-flex items-center justify-center gap-2 whitespace-nowrap text-sm font-medium ring-offset-background transition-colors duration-base ease-standard focus-visible:outline-none focus-visible:ring-2 focus-visible:ring-ring focus-visible:ring-offset-2 disabled:pointer-events-none disabled:opacity-50 [&_svg]:pointer-events-none [&_svg]:size-4 [&_svg]:shrink-0 border bg-background hover:bg-accent hover:text-accent-foreground h-10 rounded-md px-3 md:h-9 shrink-0 border-border text-foreground"[39m
            [33mdata-state[39m=[32m"closed"[39m
            [33mtype[39m=[32m"button"[39m
          [36m>[39m
            [36m<svg[39m
              [33maria-hidden[39m=[32m"true"[39m
              [33mclass[39m=[32m"lucide lucide-calendar-days h-4 w-4 mr-1"[39m
              [33mfill[39m=[32m"none"[39m
              [33mheight[39m=[32m"24"[39m
              [33mstroke[39m=[32m"currentColor"[39m
              [33mstroke-linecap[39m=[32m"round"[39m
              [33mstroke-linejoin[39m=[32m"round"[39m
              [33mstroke-width[39m=[32m"2"[39m
              [33mviewBox[39m=[32m"0 0 24 24"[39m
              [33mwidth[39m=[32m"24"[39m
              [33mxmlns[39m=[32m"http://www.w3.org/2000/svg"[39m
            [36m>[39m
              [36m<path[39m
                [33md[39m=[32m"M8 2v4"[39m
              [36m/>[39m
              [36m<path[39m
                [33md[39m=[32m"M16 2v4"[39m
              [36m/>[39m
              [36m<rect[39m
                [33mheight[39m=[32m"18"[39m
                [33mrx[39m=[32m"2"[39m
                [33mwidth[39m=[32m"18"[39m
                [33mx[39m=[32m"3"[39m
                [33my[39m=[32m"4"[39m
              [36m/>[39m
              [36m<path[39m
                [33md[39m=[32m"M3 10h18"[39m
              [36m/>[39m
              [36m<path[39m
                [33md[39m=[32m"M8 14h.01"[39m
              [36m/>[39m
              [36m<path[39m
                [33md[39m=[32m"M12 14h.01"[39m
              [36m/>[39m
              [36m<path[39m
                [33md[39m=[32m"M16 14h.01"[39m
              [36m/>[39m
              [36m<path[39m
                [33md[39m=[32m"M8 18h.01"[39m
              [36m/>[39m
              [36m<path[39m
                [33md[39m=[32m"M12 18h.01"[39m
              [36m/>[39m
              [36m<path[39m
                [33md[39m=[32m"M16 18h.01"[39m
              [36m/>[39m
            [36m</svg>[39m
            [0mFiltrar fechas[0m
          [36m</button>[39m
          [36m<div[39m
            [33mclass[39m=[32m"w-full sm:w-56"[39m
          [36m/>[39m
        [36m</div>[39m
        [36m<div[39m
          [33mclass[39m=[32m"flex items-center gap-2 flex-wrap"[39m
        [36m>[39m
          [36m<span[39m
            [33mclass[39m=[32m"text-sm text-muted-foreground tabular-nums mr-auto lg:mr-0"[39m
          [36m>[39m
            [0m1 operación[0m
          [36m</span>[39m
          [36m<button[39m
            [33mclass[39m=[32m"inline-flex items-center justify-center gap-2 whitespace-nowrap text-sm font-medium ring-offset-background transition-colors duration-base ease-standard focus-visible:outline-none focus-visible:ring-2 focus-visible:ring-ring focus-visible:ring-offset-2 disabled:pointer-events-none disabled:opacity-50 [&_svg]:pointer-events-none [&_svg]:size-4 [&_svg]:shrink-0 border bg-background hover:bg-accent hover:text-accent-foreground h-10 rounded-md px-3 md:h-9 border-border text-foreground"[39m
          [36m>[39m
            [36m<svg[39m
              [33maria-hidden[39m=[32m"true"[39m
              [33mclass[39m=[32m"lucide lucide-download h-4 w-4 mr-1"[39m
              [33mfill[39m=[32m"none"[39m
              [33mheight[39m=[32m"24"[39m
              [33mstroke[39m=[32m"currentColor"[39m
              [33mstroke-linecap[39m=[32m"round"[39m
              [33mstroke-linejoin[39m=[32m"round"[39m
              [33mstroke-width[39m=[32m"2"[39m
              [33mviewBox[39m=[32m"0 0 24 24"[39m
              [33mwidth[39m=[32m"24"[39m
              [33mxmlns[39m=[32m"http://www.w3.org/2000/svg"[39m
            [36m>[39m
              [36m<path[39m
 ...
 ❯ Object.getElementError ../node_modules/.pnpm/@testing-library+dom@10.4.1/node_modules/@testing-library/dom/dist/config.js:37:19
 ❯ ../node_modules/.pnpm/@testing-library+dom@10.4.1/node_modules/@testing-library/dom/dist/query-helpers.js:76:38
 ❯ ../node_modules/.pnpm/@testing-library+dom@10.4.1/node_modules/@testing-library/dom/dist/query-helpers.js:109:15
 ❯ __tests__/components/sale-operations-list-source-delivery-note.test.tsx:125:19
    123|   it("el motivo también es el nombre accesible del botón deshabilitado…
    124|     render(<SaleOperationsList {...baseProps([makeSale(FROM_REMITO)])}…
    125|     expect(screen.getAllByRole("button", { name: LOCK_REASON }).length…
       |                   ^
    126|   })
    127|

⎯⎯⎯⎯⎯⎯⎯⎯⎯⎯⎯⎯⎯⎯⎯⎯⎯⎯⎯⎯⎯⎯⎯[9/18]⎯

 FAIL  __tests__/components/sale-operations-list-source-delivery-note.test.tsx > SaleOperationsList — 'Editar' en una venta nacida de un remito (D9) > PRIORIDAD: gana al bloqueo de pago, porque el servidor lo evalúa primero
TestingLibraryElementError: Unable to find an element with the title: /la venta nació del remito R-00000007/i.

Ignored nodes: comments, script, style
[36m<body>[39m
  [36m<div>[39m
    [36m<div[39m
      [33mclass[39m=[32m"flex flex-col gap-4"[39m
    [36m>[39m
      [36m<div[39m
        [33mclass[39m=[32m"flex flex-col gap-3 lg:flex-row lg:flex-wrap lg:items-center lg:justify-between"[39m
        [33mdata-testid[39m=[32m"filters-bar"[39m
      [36m>[39m
        [36m<div[39m
          [33mclass[39m=[32m"flex flex-col gap-2 sm:flex-row sm:flex-wrap sm:items-center sm:gap-3"[39m
          [33mdata-testid[39m=[32m"filters-group"[39m
        [36m>[39m
          [36m<div[39m
            [33mclass[39m=[32m"relative w-full sm:w-64"[39m
          [36m>[39m
            [36m<svg[39m
              [33maria-hidden[39m=[32m"true"[39m
              [33mclass[39m=[32m"lucide lucide-search absolute left-3 top-1/2 -translate-y-1/2 h-4 w-4 text-muted-foreground pointer-events-none"[39m
              [33mfill[39m=[32m"none"[39m
              [33mheight[39m=[32m"24"[39m
              [33mstroke[39m=[32m"currentColor"[39m
              [33mstroke-linecap[39m=[32m"round"[39m
              [33mstroke-linejoin[39m=[32m"round"[39m
              [33mstroke-width[39m=[32m"2"[39m
              [33mviewBox[39m=[32m"0 0 24 24"[39m
              [33mwidth[39m=[32m"24"[39m
              [33mxmlns[39m=[32m"http://www.w3.org/2000/svg"[39m
            [36m>[39m
              [36m<path[39m
                [33md[39m=[32m"m21 21-4.34-4.34"[39m
              [36m/>[39m
              [36m<circle[39m
                [33mcx[39m=[32m"11"[39m
                [33mcy[39m=[32m"11"[39m
                [33mr[39m=[32m"8"[39m
              [36m/>[39m
            [36m</svg>[39m
            [36m<input[39m
              [33mclass[39m=[32m"flex h-11 md:h-10 w-full rounded-md border px-3 py-2 text-base ring-offset-background transition-colors duration-base ease-standard file:border-0 file:bg-transparent file:text-sm file:font-medium file:text-foreground placeholder:text-muted-foreground focus-visible:outline-none focus-visible:ring-2 focus-visible:ring-ring focus-visible:ring-offset-2 disabled:cursor-not-allowed disabled:opacity-50 md:text-sm pl-9 bg-background border-border text-foreground"[39m
              [33mplaceholder[39m=[32m"Buscar en esta página..."[39m
              [33mvalue[39m=[32m""[39m
            [36m/>[39m
          [36m</div>[39m
          [36m<button[39m
            [33maria-controls[39m=[32m"radix-_r_2k_"[39m
            [33maria-expanded[39m=[32m"false"[39m
            [33maria-haspopup[39m=[32m"dialog"[39m
            [33mclass[39m=[32m"inline-flex items-center justify-center gap-2 whitespace-nowrap text-sm font-medium ring-offset-background transition-colors duration-base ease-standard focus-visible:outline-none focus-visible:ring-2 focus-visible:ring-ring focus-visible:ring-offset-2 disabled:pointer-events-none disabled:opacity-50 [&_svg]:pointer-events-none [&_svg]:size-4 [&_svg]:shrink-0 border bg-background hover:bg-accent hover:text-accent-foreground h-10 rounded-md px-3 md:h-9 shrink-0 border-border text-foreground"[39m
            [33mdata-state[39m=[32m"closed"[39m
            [33mtype[39m=[32m"button"[39m
          [36m>[39m
            [36m<svg[39m
              [33maria-hidden[39m=[32m"true"[39m
              [33mclass[39m=[32m"lucide lucide-calendar-days h-4 w-4 mr-1"[39m
              [33mfill[39m=[32m"none"[39m
              [33mheight[39m=[32m"24"[39m
              [33mstroke[39m=[32m"currentColor"[39m
              [33mstroke-linecap[39m=[32m"round"[39m
              [33mstroke-linejoin[39m=[32m"round"[39m
              [33mstroke-width[39m=[32m"2"[39m
              [33mviewBox[39m=[32m"0 0 24 24"[39m
              [33mwidth[39m=[32m"24"[39m
              [33mxmlns[39m=[32m"http://www.w3.org/2000/svg"[39m
            [36m>[39m
              [36m<path[39m
                [33md[39m=[32m"M8 2v4"[39m
              [36m/>[39m
              [36m<path[39m
                [33md[39m=[32m"M16 2v4"[39m
              [36m/>[39m
              [36m<rect[39m
                [33mheight[39m=[32m"18"[39m
                [33mrx[39m=[32m"2"[39m
                [33mwidth[39m=[32m"18"[39m
                [33mx[39m=[32m"3"[39m
                [33my[39m=[32m"4"[39m
              [36m/>[39m
              [36m<path[39m
                [33md[39m=[32m"M3 10h18"[39m
              [36m/>[39m
              [36m<path[39m
                [33md[39m=[32m"M8 14h.01"[39m
              [36m/>[39m
              [36m<path[39m
                [33md[39m=[32m"M12 14h.01"[39m
              [36m/>[39m
              [36m<path[39m
                [33md[39m=[32m"M16 14h.01"[39m
              [36m/>[39m
              [36m<path[39m
                [33md[39m=[32m"M8 18h.01"[39m
              [36m/>[39m
              [36m<path[39m
                [33md[39m=[32m"M12 18h.01"[39m
              [36m/>[39m
              [36m<path[39m
                [33md[39m=[32m"M16 18h.01"[39m
              [36m/>[39m
            [36m</svg>[39m
            [0mFiltrar fechas[0m
          [36m</button>[39m
          [36m<div[39m
            [33mclass[39m=[32m"w-full sm:w-56"[39m
          [36m/>[39m
        [36m</div>[39m
        [36m<div[39m
          [33mclass[39m=[32m"flex items-center gap-2 flex-wrap"[39m
        [36m>[39m
          [36m<span[39m
            [33mclass[39m=[32m"text-sm text-muted-foreground tabular-nums mr-auto lg:mr-0"[39m
          [36m>[39m
            [0m1 operación[0m
          [36m</span>[39m
          [36m<button[39m
            [33mclass[39m=[32m"inline-flex items-center justify-center gap-2 whitespace-nowrap text-sm font-medium ring-offset-background transition-colors duration-base ease-standard focus-visible:outline-none focus-visible:ring-2 focus-visible:ring-ring focus-visible:ring-offset-2 disabled:pointer-events-none disabled:opacity-50 [&_svg]:pointer-events-none [&_svg]:size-4 [&_svg]:shrink-0 border bg-background hover:bg-accent hover:text-accent-foreground h-10 rounded-md px-3 md:h-9 border-border text-foreground"[39m
          [36m>[39m
            [36m<svg[39m
              [33maria-hidden[39m=[32m"true"[39m
              [33mclass[39m=[32m"lucide lucide-download h-4 w-4 mr-1"[39m
              [33mfill[39m=[32m"none"[39m
              [33mheight[39m=[32m"24"[39m
              [33mstroke[39m=[32m"currentColor"[39m
              [33mstroke-linecap[39m=[32m"round"[39m
              [33mstroke-linejoin[39m=[32m"round"[39m
              [33mstroke-width[39m=[32m"2"[39m
              [33mviewBox[39m=[32m"0 0 24 24"[39m
              [33mwidth[39m=[32m"24"[39m
              [33mxmlns[39m=[32m"http://www.w3.org/2000/svg"[39m
            [36m>[39m
              [36m<path[39m
 ...
 ❯ Object.getElementError ../node_modules/.pnpm/@testing-library+dom@10.4.1/node_modules/@testing-library/dom/dist/config.js:37:19
 ❯ ../node_modules/.pnpm/@testing-library+dom@10.4.1/node_modules/@testing-library/dom/dist/query-helpers.js:76:38
 ❯ ../node_modules/.pnpm/@testing-library+dom@10.4.1/node_modules/@testing-library/dom/dist/query-helpers.js:109:15
 ❯ __tests__/components/sale-operations-list-source-delivery-note.test.tsx:130:19
    128|   it("PRIORIDAD: gana al bloqueo de pago, porque el servidor lo evalúa…
    129|     render(<SaleOperationsList {...baseProps([makeSale({ ...FROM_REMIT…
    130|     expect(screen.getAllByTitle(LOCK_REASON).length).toBeGreaterThan(0)
       |                   ^
    131|     expect(screen.queryAllByTitle(/cargo de cuenta corriente/i)).toHav…
    132|   })

⎯⎯⎯⎯⎯⎯⎯⎯⎯⎯⎯⎯⎯⎯⎯⎯⎯⎯⎯⎯⎯⎯[10/18]⎯

 FAIL  __tests__/components/sale-operations-list-source-delivery-note.test.tsx > SaleOperationsList — 'Editar' en una venta nacida de un remito (D9) > un token de motivo desconocido también bloquea (fail-closed), con un texto genérico
AssertionError: expected [ <button …(3)>…(1)</button>, …(1) ] to have a length of +0 but got 2

- Expected
+ Received

- 0
+ 2

 ❯ __tests__/components/sale-operations-list-source-delivery-note.test.tsx:141:29
    139|   it("un token de motivo desconocido también bloquea (fail-closed), co…
    140|     render(<SaleOperationsList {...baseProps([makeSale({ editLockedRea…
    141|     expect(pencilButtons()).toHaveLength(0)
       |                             ^
    142|     expect(screen.getAllByRole("button", { name: /no editable/i }).len…
    143|   })

⎯⎯⎯⎯⎯⎯⎯⎯⎯⎯⎯⎯⎯⎯⎯⎯⎯⎯⎯⎯⎯⎯[11/18]⎯

 FAIL  __tests__/components/sale-operations-list-source-delivery-note.test.tsx > SaleOperationsList — borrar una venta nacida de un remito (D9) > el borrado sigue disponible y el diálogo avisa que el stock no vuelve y que el remito queda pendiente
TestingLibraryElementError: Unable to find an element with the text: /el stock no vuelve: la mercadería quedó entregada con el remito R-00000007, que vuelve a quedar pendiente/i. This could be because the text is broken up by multiple elements. In this case, you can provide a function for your text matcher to make your matcher more flexible.

Ignored nodes: comments, script, style
[36m<body[39m
  [33mdata-scroll-locked[39m=[32m"1"[39m
  [33mstyle[39m=[32m"pointer-events: none;"[39m
[36m>[39m
  [36m<span[39m
    [33maria-hidden[39m=[32m"true"[39m
    [33mdata-aria-hidden[39m=[32m"true"[39m
    [33mdata-radix-focus-guard[39m=[32m""[39m
    [33mstyle[39m=[32m"outline: none; opacity: 0; position: fixed; pointer-events: none;"[39m
    [33mtabindex[39m=[32m"0"[39m
  [36m/>[39m
  [36m<div[39m
    [33maria-hidden[39m=[32m"true"[39m
    [33mdata-aria-hidden[39m=[32m"true"[39m
  [36m>[39m
    [36m<div[39m
      [33mclass[39m=[32m"flex flex-col gap-4"[39m
    [36m>[39m
      [36m<div[39m
        [33mclass[39m=[32m"flex flex-col gap-3 lg:flex-row lg:flex-wrap lg:items-center lg:justify-between"[39m
        [33mdata-testid[39m=[32m"filters-bar"[39m
      [36m>[39m
        [36m<div[39m
          [33mclass[39m=[32m"flex flex-col gap-2 sm:flex-row sm:flex-wrap sm:items-center sm:gap-3"[39m
          [33mdata-testid[39m=[32m"filters-group"[39m
        [36m>[39m
          [36m<div[39m
            [33mclass[39m=[32m"relative w-full sm:w-64"[39m
          [36m>[39m
            [36m<svg[39m
              [33maria-hidden[39m=[32m"true"[39m
              [33mclass[39m=[32m"lucide lucide-search absolute left-3 top-1/2 -translate-y-1/2 h-4 w-4 text-muted-foreground pointer-events-none"[39m
              [33mfill[39m=[32m"none"[39m
              [33mheight[39m=[32m"24"[39m
              [33mstroke[39m=[32m"currentColor"[39m
              [33mstroke-linecap[39m=[32m"round"[39m
              [33mstroke-linejoin[39m=[32m"round"[39m
              [33mstroke-width[39m=[32m"2"[39m
              [33mviewBox[39m=[32m"0 0 24 24"[39m
              [33mwidth[39m=[32m"24"[39m
              [33mxmlns[39m=[32m"http://www.w3.org/2000/svg"[39m
            [36m>[39m
              [36m<path[39m
                [33md[39m=[32m"m21 21-4.34-4.34"[39m
              [36m/>[39m
              [36m<circle[39m
                [33mcx[39m=[32m"11"[39m
                [33mcy[39m=[32m"11"[39m
                [33mr[39m=[32m"8"[39m
              [36m/>[39m
            [36m</svg>[39m
            [36m<input[39m
              [33mclass[39m=[32m"flex h-11 md:h-10 w-full rounded-md border px-3 py-2 text-base ring-offset-background transition-colors duration-base ease-standard file:border-0 file:bg-transparent file:text-sm file:font-medium file:text-foreground placeholder:text-muted-foreground focus-visible:outline-none focus-visible:ring-2 focus-visible:ring-ring focus-visible:ring-offset-2 disabled:cursor-not-allowed disabled:opacity-50 md:text-sm pl-9 bg-background border-border text-foreground"[39m
              [33mplaceholder[39m=[32m"Buscar en esta página..."[39m
              [33mvalue[39m=[32m""[39m
            [36m/>[39m
          [36m</div>[39m
          [36m<button[39m
            [33maria-controls[39m=[32m"radix-_r_44_"[39m
            [33maria-expanded[39m=[32m"false"[39m
            [33maria-haspopup[39m=[32m"dialog"[39m
            [33mclass[39m=[32m"inline-flex items-center justify-center gap-2 whitespace-nowrap text-sm font-medium ring-offset-background transition-colors duration-base ease-standard focus-visible:outline-none focus-visible:ring-2 focus-visible:ring-ring focus-visible:ring-offset-2 disabled:pointer-events-none disabled:opacity-50 [&_svg]:pointer-events-none [&_svg]:size-4 [&_svg]:shrink-0 border bg-background hover:bg-accent hover:text-accent-foreground h-10 rounded-md px-3 md:h-9 shrink-0 border-border text-foreground"[39m
            [33mdata-state[39m=[32m"closed"[39m
            [33mtype[39m=[32m"button"[39m
          [36m>[39m
            [36m<svg[39m
              [33maria-hidden[39m=[32m"true"[39m
              [33mclass[39m=[32m"lucide lucide-calendar-days h-4 w-4 mr-1"[39m
              [33mfill[39m=[32m"none"[39m
              [33mheight[39m=[32m"24"[39m
              [33mstroke[39m=[32m"currentColor"[39m
              [33mstroke-linecap[39m=[32m"round"[39m
              [33mstroke-linejoin[39m=[32m"round"[39m
              [33mstroke-width[39m=[32m"2"[39m
              [33mviewBox[39m=[32m"0 0 24 24"[39m
              [33mwidth[39m=[32m"24"[39m
              [33mxmlns[39m=[32m"http://www.w3.org/2000/svg"[39m
            [36m>[39m
              [36m<path[39m
                [33md[39m=[32m"M8 2v4"[39m
              [36m/>[39m
              [36m<path[39m
                [33md[39m=[32m"M16 2v4"[39m
              [36m/>[39m
              [36m<rect[39m
                [33mheight[39m=[32m"18"[39m
                [33mrx[39m=[32m"2"[39m
                [33mwidth[39m=[32m"18"[39m
                [33mx[39m=[32m"3"[39m
                [33my[39m=[32m"4"[39m
              [36m/>[39m
              [36m<path[39m
                [33md[39m=[32m"M3 10h18"[39m
              [36m/>[39m
              [36m<path[39m
                [33md[39m=[32m"M8 14h.01"[39m
              [36m/>[39m
              [36m<path[39m
                [33md[39m=[32m"M12 14h.01"[39m
              [36m/>[39m
              [36m<path[39m
                [33md[39m=[32m"M16 14h.01"[39m
              [36m/>[39m
              [36m<path[39m
                [33md[39m=[32m"M8 18h.01"[39m
              [36m/>[39m
              [36m<path[39m
                [33md[39m=[32m"M12 18h.01"[39m
              [36m/>[39m
              [36m<path[39m
                [33md[39m=[32m"M16 18h.01"[39m
              [36m/>[39m
            [36m</svg>[39m
            [0mFiltrar fechas[0m
          [36m</button>[39m
          [36m<div[39m
            [33mclass[39m=[32m"w-full sm:w-56"[39m
          [36m/>[39m
        [36m</div>[39m
        [36m<div[39m
          [33mclass[39m=[32m"flex items-center gap-2 flex-wrap"[39m
        [36m>[39m
          [36m<span[39m
            [33mclass[39m=[32m"text-sm text-muted-foreground tabular-nums mr-auto lg:mr-0"[39m
          [36m>[39m
            [0m1 operación[0m
          [36m</span>[39m
          [36m<button[39m
            [33mclass[39m=[32m"inline-flex items-center justify-center gap-2 whitespace-nowrap text-sm font-medium ring-offset-background transition-colors duration-base ease-standard focus-visible:outline-none focus-visible:ring-2 focus-visible:ring-ring focus-visible:ring-offset-2 disabled:pointer-events-none disabled:opacity-50 [&_svg]:pointer-events-none [&_svg]:size-4 [&_svg]:shrink-0 border bg-background hover:bg-accent hover:text-accent-foreground h-10 rounded-md px-3 md:h-9 border-border text-foreground"[39m
          [36m>[39m
            [36m<svg[39m
              [33maria-hidden[39m=[32m"true"[39m
              [33mclass[39m=[32m"lucide lucide-download h-4 w-4 mr-1"[39m
              [...
 ❯ Object.getElementError ../node_modules/.pnpm/@testing-library+dom@10.4.1/node_modules/@testing-library/dom/dist/config.js:37:19
 ❯ ../node_modules/.pnpm/@testing-library+dom@10.4.1/node_modules/@testing-library/dom/dist/query-helpers.js:76:38
 ❯ ../node_modules/.pnpm/@testing-library+dom@10.4.1/node_modules/@testing-library/dom/dist/query-helpers.js:52:17
 ❯ ../node_modules/.pnpm/@testing-library+dom@10.4.1/node_modules/@testing-library/dom/dist/query-helpers.js:95:19
 ❯ __tests__/components/sale-operations-list-source-delivery-note.test.tsx:158:14
    156|     fireEvent.click(triggers[0])
    157|     expect(
    158|       screen.getByText(/el stock no vuelve: la mercadería quedó entreg…
       |              ^
    159|     ).toBeInTheDocument()
    160|     expect(screen.getByText(/para devolverla al stock, anulá el remito…

⎯⎯⎯⎯⎯⎯⎯⎯⎯⎯⎯⎯⎯⎯⎯⎯⎯⎯⎯⎯⎯⎯[12/18]⎯

 FAIL  __tests__/hooks/use-sales-source-delivery-note.test.ts > useSales — origen remito y motivo de no edición > una venta nacida de un remito trae su id, su número y el motivo de no edición
AssertionError: expected undefined to be 'dn-3' // Object.is equality

- Expected:
"dn-3"

+ Received:
undefined

 ❯ __tests__/hooks/use-sales-source-delivery-note.test.ts:56:39
     54|       },
     55|     ])
     56|     expect(sale.sourceDeliveryNoteId).toBe("dn-3")
       |                                       ^
     57|     expect(sale.sourceDeliveryNoteNumber).toBe(7)
     58|     expect(sale.editLockedReason).toBe("delivery_note_sale_locked")

⎯⎯⎯⎯⎯⎯⎯⎯⎯⎯⎯⎯⎯⎯⎯⎯⎯⎯⎯⎯⎯⎯[13/18]⎯

 FAIL  __tests__/hooks/use-sales-source-delivery-note.test.ts > useSales — origen remito y motivo de no edición > una venta suelta no tiene origen remito ni motivo (null, no undefined)
AssertionError: expected undefined to be null

- Expected:
null

+ Received:
undefined

 ❯ __tests__/hooks/use-sales-source-delivery-note.test.ts:63:39
     61|   it("una venta suelta no tiene origen remito ni motivo (null, no unde…
     62|     const [sale] = await loadSales([base])
     63|     expect(sale.sourceDeliveryNoteId).toBeNull()
       |                                       ^
     64|     expect(sale.sourceDeliveryNoteNumber).toBeNull()
     65|     expect(sale.editLockedReason).toBeNull()

⎯⎯⎯⎯⎯⎯⎯⎯⎯⎯⎯⎯⎯⎯⎯⎯⎯⎯⎯⎯⎯⎯[14/18]⎯

 FAIL  __tests__/hooks/use-sales-source-delivery-note.test.ts > useSales — origen remito y motivo de no edición > el origen remito no pisa al origen presupuesto: son independientes
AssertionError: expected undefined to be null

- Expected:
null

+ Received:
undefined

 ❯ __tests__/hooks/use-sales-source-delivery-note.test.ts:71:39
     69|     const [sale] = await loadSales([{ ...base, source_quote_id: "q-9",…
     70|     expect(sale.sourceQuoteId).toBe("q-9")
     71|     expect(sale.sourceDeliveryNoteId).toBeNull()
       |                                       ^
     72|   })
     73| })

⎯⎯⎯⎯⎯⎯⎯⎯⎯⎯⎯⎯⎯⎯⎯⎯⎯⎯⎯⎯⎯⎯[15/18]⎯

 FAIL  __tests__/lib/group-operations.test.ts > groupSalesByOperation — origen remito y motivo de no edición (remitos-venta 7.6) > expone el remito de origen de la operación (id, número) y el motivo de no edición
AssertionError: expected undefined to be 'dn-3' // Object.is equality

- Expected:
"dn-3"

+ Received:
undefined

 ❯ __tests__/lib/group-operations.test.ts:104:37
    102|       makeSale({ sourceDeliveryNoteId: "dn-3", sourceDeliveryNoteNumbe…
    103|     ])
    104|     expect(op.sourceDeliveryNoteId).toBe("dn-3")
       |                                     ^
    105|     expect(op.sourceDeliveryNoteNumber).toBe(7)
    106|     expect(op.editLockedReason).toBe("delivery_note_sale_locked")

⎯⎯⎯⎯⎯⎯⎯⎯⎯⎯⎯⎯⎯⎯⎯⎯⎯⎯⎯⎯⎯⎯[16/18]⎯

 FAIL  __tests__/lib/group-operations.test.ts > groupSalesByOperation — origen remito y motivo de no edición (remitos-venta 7.6) > sin origen remito: null (no undefined)
AssertionError: expected undefined to be null

- Expected:
null

+ Received:
undefined

 ❯ __tests__/lib/group-operations.test.ts:111:37
    109|   it("sin origen remito: null (no undefined)", () => {
    110|     const [op] = groupSalesByOperation([makeSale()])
    111|     expect(op.sourceDeliveryNoteId).toBeNull()
       |                                     ^
    112|     expect(op.sourceDeliveryNoteNumber).toBeNull()
    113|     expect(op.editLockedReason).toBeNull()

⎯⎯⎯⎯⎯⎯⎯⎯⎯⎯⎯⎯⎯⎯⎯⎯⎯⎯⎯⎯⎯⎯[17/18]⎯

 FAIL  __tests__/lib/group-operations.test.ts > groupSalesByOperation — origen remito y motivo de no edición (remitos-venta 7.6) > en una operación agrupada gana la primera fila que trae el origen y el motivo
AssertionError: expected undefined to be 'dn-3' // Object.is equality

- Expected:
"dn-3"

+ Received:
undefined

 ❯ __tests__/lib/group-operations.test.ts:122:37
    120|     ])
    121|     expect(op.isGrouped).toBe(true)
    122|     expect(op.sourceDeliveryNoteId).toBe("dn-3")
       |                                     ^
    123|     expect(op.sourceDeliveryNoteNumber).toBe(7)
    124|     expect(op.editLockedReason).toBe("delivery_note_sale_locked")

⎯⎯⎯⎯⎯⎯⎯⎯⎯⎯⎯⎯⎯⎯⎯⎯⎯⎯⎯⎯⎯⎯[18/18]⎯


 Test Files  5 failed (5)
      Tests  17 failed | 48 passed (65)
   Start at  06:36:46
   Duration  14.59s (transform 1.78s, setup 4.83s, import 8.52s, tests 3.32s, environment 31.67s)

